﻿Postcode;PlaatsnaamBad;Plaatsnaam
2970;'S Gravenwezel;'S Gravenwezel
3700;'S Herenelderen;'S Herenelderen
7510;3 Suisses;3 Suisses
9420;Aaigem;Aaigem
8511;Aalbeke;Aalbeke
3800;Aalst;Aalst
9300;AALST;Aalst
9880;AALTER;Aalter
3200;AARSCHOT;Aarschot
8700;Aarsele;Aarsele
8211;Aartrijke;Aartrijke
2630;AARTSELAAR;Aartselaar
4557;Abée;Abée
4280;Abolens;Abolens
3930;Achel;Achel
5590;Achêne;Achêne
5362;Achet;Achet
4219;Acosse;Acosse
6280;Acoz;Acoz
1105;ACTISOC;Actisoc
9991;Adegem;Adegem
8660;Adinkerke;Adinkerke
1790;AFFLIGEM;Affligem
9051;Afsnee;Afsnee
5544;Agimont;Agimont
4317;Aineffe;Aineffe
5310;Aische-En-Refail;Aische-En-Refail
6250;Aiseau;Aiseau
6250;AISEAU-PRESLES;Aiseau-Presles
5070;Aisemont;Aisemont
3570;ALKEN;Alken
5550;Alle;Alle
4432;Alleur;Alleur
1652;Alsemberg;Alsemberg
8690;ALVERINGEM;Alveringem
4540;AMAY;Amay
6680;Amberloup;Amberloup
6953;Ambly;Ambly
4219;Ambresin;Ambresin
4770;AMEL;Amel
6997;Amonines;Amonines
7750;Amougies;Amougies
4540;Ampsin;Ampsin
5300;ANDENNE;Andenne
1070;ANDERLECHT;Anderlecht
6150;ANDERLUES;Anderlues
4821;Andrimont;Andrimont
4031;Angleur;Angleur
7387;Angre;Angre
7387;Angreau;Angreau
5537;ANHÉE;Anhée
6721;Anlier;Anlier
6890;Anloy;Anloy
5537;Annevoie-Rouillon;Annevoie-Rouillon
4430;ANS;Ans
5500;Anseremme;Anseremme
7750;Anseroeul;Anseroeul
5520;Anthée;Anthée
4520;Antheit;Antheit
4160;ANTHISNES;Anthisnes
7640;ANTOING;Antoing
2000;ANTWERPEN;Antwerpen
2018;ANTWERPEN;Antwerpen
2020;ANTWERPEN;Antwerpen
2030;ANTWERPEN;Antwerpen
2040;ANTWERPEN;Antwerpen
2050;ANTWERPEN;Antwerpen
2060;ANTWERPEN;Antwerpen
2099;Antwerpen X;Antwerpen X
7910;Anvaing;Anvaing
8570;ANZEGEM;Anzegem
9200;Appels;Appels
9400;Appelterre-Eichem;Appelterre-Eichem
5170;Arbre;Arbre
7811;Arbre;Arbre
4990;Arbrefontaine;Arbrefontaine
7910;Arc-Ainières;Arc-Ainières
7910;Arc-Wattripont;Arc-Wattripont
1390;Archennes;Archennes
8850;ARDOOIE;Ardooie
2370;ARENDONK;Arendonk
4601;Argenteau;Argenteau
6700;ARLON;Arlon
7181;Arquennes;Arquennes
5060;Arsimont;Arsimont
6870;Arville;Arville
3665;AS;As
9404;Aspelare;Aspelare
9890;Asper;Asper
7040;Asquillies;Asquillies
1730;ASSE;Asse
8310;Assebroek;Assebroek
1007;Assemblée de la Commission Communautaire Française;Assemblée De La Commission Communautaire Française
9960;ASSENEDE;Assenede
6860;Assenois;Assenois
3460;Assent;Assent
5330;ASSESSE;Assesse
9800;Astene;Astene
7800;ATH;Ath
7387;Athis;Athis
6791;Athus;Athus
3404;Attenhoven;Attenhoven
3384;Attenrode;Attenrode
6717;ATTERT;Attert
7941;Attre;Attre
6790;AUBANGE;Aubange
7972;Aubechies;Aubechies
4880;AUBEL;Aubel
5660;Aublain;Aublain
6880;Auby-Sur-Semois;Auby-Sur-Semois
7382;Audregnies;Audregnies
7040;Aulnois;Aulnois
6706;Autelbas;Autelbas
1367;Autre-Eglise;Autre-Eglise
7387;Autreppe;Autreppe
5060;Auvelais;Auvelais
5580;Ave-Et-Auffe;Ave-Et-Auffe
8630;Avekapelle;Avekapelle
8580;AVELGEM;Avelgem
4260;Avennes;Avennes
3271;Averbode;Averbode
4280;Avernas-Le-Bauduin;Avernas-Le-Bauduin
4280;Avin;Avin
4340;AWANS;Awans
6870;Awenne;Awenne
4400;Awirs;Awirs
6900;Aye;Aye
4630;Ayeneux;Ayeneux
4920;AYWAILLE;Aywaille
9890;Baaigem;Baaigem
3128;Baal;Baal
9310;Baardegem;Baardegem
2387;BAARLE-HERTOG;Baarle-Hertog
9200;Baasrode;Baasrode
9800;Bachte-Maria-Leerne;Bachte-Maria-Leerne
4837;BAELEN;Baelen
5550;Bagimont;Bagimont
6464;Baileux;Baileux
6460;Bailièvre;Bailièvre
5555;Baillamont;Baillamont
7730;Bailleul;Bailleul
5377;Baillonville;Baillonville
7380;Baisieux;Baisieux
1470;Baisy-Thy;Baisy-Thy
5190;Balâtre;Balâtre
9860;Balegem;Balegem
2490;BALEN;Balen
9420;Bambrugge;Bambrugge
6951;Bande;Bande
6500;Barbençon;Barbençon
4671;Barchon;Barchon
5570;Baronville;Baronville
7534;Barry;Barry
5370;Barvaux-Condroz;Barvaux-Condroz
6940;Barvaux-Sur-Ourthe;Barvaux-Sur-Ourthe
4520;Bas-Oha;Bas-Oha
7971;Basècles;Basècles
4983;Basse-Bodeux;Basse-Bodeux
4690;BASSENGE;Bassenge
9968;Bassevelde;Bassevelde
7830;Bassilly;Bassilly
6600;BASTOGNE;Bastogne
3870;Batsheers;Batsheers
4651;Battice;Battice
7130;Battignies;Battignies
7331;Baudour;Baudour
7870;Bauffe;Bauffe
7604;Baugnies;Baugnies
1401;Baulers;Baulers
9520;Bavegem;Bavegem
8531;Bavikhove;Bavikhove
9150;Bazel;Bazel
4052;Beaufays;Beaufays
6500;BEAUMONT;Beaumont
5570;BEAURAING;Beauraing
6980;Beausaint;Beausaint
1320;BEAUVECHAIN;Beauvechain
6594;Beauwelz;Beauwelz
7532;Béclers;Béclers
3960;Beek;Beek
9630;Beerlegem;Beerlegem
8730;BEERNEM;Beernem
2340;BEERSE;Beerse
1650;BEERSEL;Beersel
8600;Beerst;Beerst
1673;Beert;Beert
9080;Beervelde;Beervelde
2580;Beerzel;Beerzel
5000;Beez;Beez
6987;Beffe;Beffe
3130;BEGIJNENDIJK;Begijnendijk
6672;Beho;Beho
1852;Beigem;Beigem
8480;Bekegem;Bekegem
1730;Bekkerzeel;Bekkerzeel
3460;BEKKEVOORT;Bekkevoort
1009;Belgische Senaat;Belgische Senaat
5001;Belgrade;Belgrade
4610;Bellaire;Bellaire
7170;Bellecourt;Bellecourt
5555;Bellefontaine;Bellefontaine
6730;Bellefontaine;Bellefontaine
8510;Bellegem;Bellegem
9881;Bellem;Bellem
6834;Bellevaux;Bellevaux
4960;Bellevaux-Ligneuville;Bellevaux-Ligneuville
1674;Bellingen;Bellingen
7970;BELOEIL;Beloeil
9111;Belsele;Belsele
4500;Ben-Ahin;Ben-Ahin
6941;Bende;Bende
3540;Berbroek;Berbroek
2600;Berchem;Berchem
9690;Berchem;Berchem
2040;Berendrecht;Berendrecht
1910;Berg;Berg
3700;Berg;Berg
4360;Bergilers;Bergilers
3580;BERINGEN;Beringen
2590;BERLAAR;Berlaar
9290;BERLARE;Berlare
3830;Berlingen;Berlingen
4257;BERLOZ;Berloz
4607;Berneau;Berneau
7320;BERNISSART;Bernissart
6560;Bersillies-L'Abbaye;Bersillies-L'Abbaye
3060;BERTEM;Bertem
6687;BERTOGNE;Bertogne
4280;Bertrée;Bertrée
6880;BERTRIX;Bertrix
5651;Berzée;Berzée
8980;Beselare;Beselare
3130;Betekom;Betekom
4300;Bettincourt;Bettincourt
5030;Beuzet;Beuzet
2560;Bevel;Bevel
1547;BEVER;Bever
4960;Bevercé;Bevercé
9700;Bevere;Bevere
8791;Beveren;Beveren
8800;Beveren;Beveren
8691;Beveren-Aan-De-Ijzer;Beveren-Aan-De-Ijzer
9120;BEVEREN-WAAS;Beveren-Waas
3581;Beverlo;Beverlo
3740;Beverst;Beverst
4610;BEYNE-HEUSAY;Beyne-Heusay
6543;Bienne-Lez-Happart;Bienne-Lez-Happart
3360;BIERBEEK;Bierbeek
6533;Biercée;Biercée
1301;Bierges;Bierges
1430;Bierghes;Bierghes
4460;Bierset;Bierset
5380;Bierwart;Bierwart
5640;Biesme;Biesme
6531;Biesme-Sous-Thuin;Biesme-Sous-Thuin
5640;Biesmerée;Biesmerée
5555;BIÈVRE;Bièvre
1390;Biez;Biez
6690;Bihain;Bihain
8920;Bikschote;Bikschote
4831;Bilstain;Bilstain
3740;BILZEN;Bilzen
7130;BINCHE;Binche
3850;Binderveld;Binderveld
3211;Binkom;Binkom
5537;Bioul;Bioul
8501;Bissegem;Bissegem
7783;Bizet;Bizet
2830;Blaasveld;Blaasveld
5542;Blaimont;Blaimont
7522;Blandain;Blandain
3052;Blanden;Blanden
8370;BLANKENBERGE;Blankenberge
7040;Blaregnies;Blaregnies
7321;Blaton;Blaton
7370;Blaugies;Blaugies
4670;BLÉGNY;Blégny
7620;Bléharies;Bléharies
4280;Blehen;Blehen
6760;Bleid;Bleid
4300;Bleret;Bleret
7903;Blicquy;Blicquy
3950;BOCHOLT;Bocholt
4537;Bodegnée;Bodegnée
2530;BOECHOUT;Boechout
3890;Boekhout;Boekhout
9961;Boekhoute;Boekhoute
4250;Boëlhe;Boëlhe
8904;Boezinge;Boezinge
1670;Bogaarden;Bogaarden
5550;Bohan;Bohan
5140;Boignée;Boignée
4690;Boirs;Boirs
7170;Bois-D'Haine;Bois-D'Haine
7866;Bois-De-Lessines;Bois-De-Lessines
5170;Bois-De-Villers;Bois-De-Villers
4560;Bois-Et-Borsu;Bois-Et-Borsu
5310;Bolinne;Bolinne
4653;Bolland;Bolland
1367;Bomal;Bomal
6941;Bomal-Sur-Ourthe;Bomal-Sur-Ourthe
4607;Bombaye;Bombaye
3840;Bommershoven;Bommershoven
7603;Bon-Secours;Bon-Secours
4100;Boncelles;Boncelles
5310;Boneffe;Boneffe
2820;BONHEIDEN;Bonheiden
5021;Boninne;Boninne
1325;Bonlez;Bonlez
6700;Bonnert;Bonnert
5300;Bonneville;Bonneville
5377;Bonsin;Bonsin
2221;Booischot;Booischot
8630;Booitshoeke;Booitshoeke
2850;BOOM;Boom
3631;Boorsem;Boorsem
3190;BOORTMEERBEEK;Boortmeerbeek
1761;Borchtlombeek;Borchtlombeek
2140;Borgerhout;Borgerhout
3840;BORGLOON;Borgloon
4317;Borlez;Borlez
3891;Borlo;Borlo
6941;Borlon;Borlon
2880;BORNEM;Bornem
1404;Bornival;Bornival
2150;BORSBEEK;Borsbeek
9552;Borsbeke;Borsbeke
5032;Bossière;Bossière
8583;Bossuit;Bossuit
1390;Bossut-Gottechain;Bossut-Gottechain
3300;Bost;Bost
5032;Bothey;Bothey
9820;Bottelare;Bottelare
6200;Bouffioulx;Bouffioulx
5004;Bouge;Bouge
7040;Bougnies;Bougnies
6830;BOUILLON;Bouillon
6464;Bourlers;Bourlers
5575;Bourseigne-Neuve;Bourseigne-Neuve
5575;Bourseigne-Vieille;Bourseigne-Vieille
7110;Boussoit;Boussoit
7300;BOUSSU;Boussu
5660;Boussu-En-Fagne;Boussu-En-Fagne
6440;Boussu-Lez-Walcourt;Boussu-Lez-Walcourt
1470;Bousval;Bousval
3370;BOUTERSEM;Boutersem
5500;Bouvignes-Sur-Meuse;Bouvignes-Sur-Meuse
7803;Bouvignies;Bouvignies
2288;Bouwel;Bouwel
8680;Bovekerke;Bovekerke
3870;Bovelingen;Bovelingen
4300;Bovenistier;Bovenistier
5081;Bovesse;Bovesse
6671;Bovigny;Bovigny
4990;Bra;Bra
7604;Braffe;Braffe
5590;Braibant;Braibant
1420;BRAINE-L'ALLEUD;Braine-L'Alleud
1440;BRAINE-LE-CHÂTEAU;Braine-Le-Château
7090;BRAINE-LE-COMTE;Braine-Le-Comte
4260;BRAIVES;Braives
9660;BRAKEL;Brakel
5310;Branchon;Branchon
6800;Bras;Bras
7604;Brasménil;Brasménil
2930;BRASSCHAAT;Brasschaat
7130;Bray;Bray
2960;BRECHT;Brecht
8450;BREDENE;Bredene
3960;BREE;Bree
2870;Breendonk;Breendonk
4020;Bressoux;Bressoux
8900;Brielen;Brielen
2520;Broechem;Broechem
3840;Broekom;Broekom
1931;Brucargo;Brucargo
7940;BRUGELETTE;Brugelette
8000;BRUGGE;Brugge
5660;Brûly;Brûly
5660;Brûly-De-Pesche;Brûly-De-Pesche
7620;BRUNEHAUT;Brunehaut
1785;Brussegem;Brussegem
1000;BRUSSEL;Brussel
1099;Brussel X;Brussel X
3800;Brustem;Brustem
7641;Bruyelle;Bruyelle
6222;Brye;Brye
3440;Budingen;Budingen
9255;BUGGENHOUT;Buggenhout
7911;Buissenal;Buissenal
5580;Buissonville;Buissonville
1501;Buizingen;Buizingen
1910;Buken;Buken
8630;Bulskamp;Bulskamp
3380;Bunsbeek;Bunsbeek
2070;Burcht;Burcht
4210;BURDINNE;Burdinne
6927;Bure;Bure
4790;BURG-REULAND;Burg-Reuland
9420;Burst;Burst
7602;Bury;Bury
4750;BUTGENBACH;Butgenbach
3891;Buvingen;Buvingen
7133;Buvrinnes;Buvrinnes
6743;Buzenol;Buzenol
6230;Buzet;Buzet
4760;BÜLLINGEN;Büllingen
7604;Callenelle;Callenelle
7642;Calonne;Calonne
7940;Cambron-Casteau;Cambron-Casteau
7870;Cambron-Saint-Vincent;Cambron-Saint-Vincent
1804;Cargovil;Cargovil
6850;Carlsbourg;Carlsbourg
7141;Carnières;Carnières
7061;Casteau;Casteau
5650;Castillon;Castillon
4317;Celles;Celles
5561;Celles;Celles
7760;CELLES;Celles
4632;Cérexhe-Heuseux;Cérexhe-Heuseux
5630;CERFONTAINE;Cerfontaine
1341;Céroux-Mousty;Céroux-Mousty
4650;Chaineux;Chaineux
5550;Chairière;Chairière
5020;Champion;Champion
6971;Champlon;Champlon
6921;Chanly;Chanly
6742;Chantemelle;Chantemelle
7903;Chapelle-À-Oie;Chapelle-À-Oie
7903;Chapelle-À-Wattines;Chapelle-À-Wattines
7160;CHAPELLE-LEZ-HERLAIMONT;Chapelle-Lez-Herlaimont
4537;Chapon-Seraing;Chapon-Seraing
6000;CHARLEROI;Charleroi
6099;Charleroi X;Charleroi X
4654;Charneux;Charneux
6824;Chassepierre;Chassepierre
1450;CHASTRE;Chastre
1450;Chastre-Villeroux-Blanmont;Chastre-Villeroux-Blanmont
5650;Chastrès;Chastrès
6200;CHÂTELET;Châtelet
6200;Châtelineau;Châtelineau
6747;Châtillon;Châtillon
4050;CHAUDFONTAINE;Chaudfontaine
1325;CHAUMONT-GISTOUX;Chaumont-Gistoux
7063;Chaussée-Notre-Dame-Louvignies;Chaussée-Notre-Dame-Louvignies
4032;Chênée;Chênée
6673;Cherain;Cherain
4602;Cheratte;Cheratte
7521;Chercq;Chercq
5590;Chevetogne;Chevetogne
4987;Chevron;Chevron
7950;CHIÈVRES;Chièvres
6460;CHIMAY;Chimay
6810;CHINY;Chiny
4400;Chokier;Chokier
1031;Christelijke Sociale Organisaties;Christelijke Sociale Organisaties
5560;Ciergnon;Ciergnon
5590;CINEY;Ciney
4260;Ciplet;Ciplet
7024;Ciply;Ciply
1480;Clabecq;Clabecq
4560;CLAVIER;Clavier
4890;Clermont;Clermont
5650;Clermont;Clermont
4480;Clermont-Sous-Huy;Clermont-Sous-Huy
5022;Cognelée;Cognelée
7340;COLFONTAINE;Colfontaine
4170;COMBLAIN-AU-PONT;Comblain-Au-Pont
4180;Comblain-Fairon;Comblain-Fairon
4180;Comblain-La-Tour;Comblain-La-Tour
5590;Conneux;Conneux
1435;Corbais;Corbais
6838;Corbion;Corbion
7910;Cordes;Cordes
5620;Corenne;Corenne
4860;Cornesse;Cornesse
5555;Cornimont;Cornimont
1935;Corporate Village;Corporate Village
5032;Corroy-Le-Château;Corroy-Le-Château
1325;Corroy-Le-Grand;Corroy-Le-Grand
4257;Corswarem;Corswarem
1450;Cortil-Noirmont;Cortil-Noirmont
5380;Cortil-Wodon;Cortil-Wodon
6010;Couillet;Couillet
6120;Cour-Sur-Heure;Cour-Sur-Heure
6180;COURCELLES;Courcelles
5336;Courrière;Courrière
1490;COURT-SAINT-ETIENNE;Court-Saint-Etienne
4218;Couthuin;Couthuin
5300;Coutisse;Coutisse
1380;Couture-Saint-Germain;Couture-Saint-Germain
5660;COUVIN;Couvin
4280;Cras-Avernas;Cras-Avernas
4280;Crehen;Crehen
4367;CRISNÉE;Crisnée
7120;Croix-Lez-Rouveroy;Croix-Lez-Rouveroy
4784;Crombach;Crombach
5332;Crupet;Crupet
6075;CSM Charleroi X;Csm Charleroi X
9075;CSM Gent X;Csm Gent X
7033;Cuesmes;Cuesmes
6880;Cugnon;Cugnon
5660;Cul-Des-Sarts;Cul-Des-Sarts
5562;Custinne;Custinne
8890;Dadizele;Dadizele
5660;Dailly;Dailly
9160;Daknam;Daknam
4607;DALHEM;Dalhem
8340;DAMME;Damme
6767;Dampicourt;Dampicourt
6020;Dampremy;Dampremy
4253;Darion;Darion
5630;Daussois;Daussois
5020;Daussoulx;Daussoulx
5100;Dave;Dave
6929;DAVERDISSE;Daverdisse
8420;DE HAAN;De Haan
9170;De Klinge;De Klinge
8630;De Moeren;De Moeren
8660;DE PANNE;De Panne
9840;DE PINTE;De Pinte
8540;DEERLIJK;Deerlijk
9570;Deftinge;Deftinge
9800;DEINZE;Deinze
9280;Denderbelle;Denderbelle
9450;Denderhoutem;Denderhoutem
9470;DENDERLEEUW;Denderleeuw
9200;DENDERMONDE;Dendermonde
9400;Denderwindeke;Denderwindeke
5537;Denée;Denée
8720;DENTERGEM;Dentergem
7912;Dergneau;Dergneau
2480;DESSEL;Dessel
8792;Desselgem;Desselgem
9070;DESTELBERGEN;Destelbergen
9042;Desteldonk;Desteldonk
9831;Deurle;Deurle
2100;Deurne;Deurne
3290;Deurne;Deurne
7864;Deux-Acren;Deux-Acren
5310;Dhuy;Dhuy
1831;Diegem;Diegem
3590;DIEPENBEEK;Diepenbeek
3290;DIEST;Diest
3700;Diets-Heur;Diets-Heur
8900;Dikkebus;Dikkebus
9630;Dikkele;Dikkele
9890;Dikkelvenne;Dikkelvenne
8600;DIKSMUIDE;Diksmuide
1700;DILBEEK;Dilbeek
3650;Dilsen;Dilsen
3650;DILSEN-STOKKEM;Dilsen-Stokkem
5500;DINANT;Dinant
5570;Dion;Dion
1325;Dion-Valmont;Dion-Valmont
4820;DISON;Dison
6960;Dochamps;Dochamps
9130;Doel;Doel
6836;Dohan;Dohan
5680;DOISCHE;Doische
4140;Dolembreux;Dolembreux
4357;DONCEEL;Donceel
1370;Dongelberg;Dongelberg
3540;Donk;Donk
6536;Donstiennes;Donstiennes
5530;Dorinne;Dorinne
3440;Dormaal;Dormaal
7711;Dottenijs;Dottenijs
7370;DOUR;Dour
5670;Dourbes;Dourbes
8951;Dranouter;Dranouter
5500;Dréhance;Dréhance
8600;Driekapellen;Driekapellen
3350;Drieslinter;Drieslinter
1620;DROGENBOS;Drogenbos
9031;Drongen;Drongen
8380;Dudzele;Dudzele
2570;DUFFEL;Duffel
3080;Duisburg;Duisburg
3803;Duras;Duras
6940;DURBUY;Durbuy
5530;Durnal;Durnal
1653;Dworp;Dworp
4690;Eben-Emael;Eben-Emael
6860;Ebly;Ebly
7190;ECAUSSINNES;Ecaussinnes
7190;Ecaussinnes-D'Enghien;Ecaussinnes-D'Enghien
7191;Ecaussinnes-Lalaing;Ecaussinnes-Lalaing
2650;EDEGEM;Edegem
9700;Edelare;Edelare
7850;EDINGEN;Edingen
9900;EEKLO;Eeklo
8480;Eernegem;Eernegem
8740;Egem;Egem
8630;Eggewaartskapelle;Eggewaartskapelle
5310;EGHEZÉE;Eghezée
4120;Ehein;Ehein
4480;Ehein;Ehein
3740;Eigenbilzen;Eigenbilzen
2430;Eindhout;Eindhout
9700;Eine;Eine
3630;Eisden;Eisden
9810;Eke;Eke
2180;Ekeren;Ekeren
9160;Eksaarde;Eksaarde
3941;Eksel;Eksel
3650;Elen;Elen
9620;Elene;Elene
1982;Elewijt;Elewijt
3400;Eliksem;Eliksem
1671;Elingen;Elingen
4590;Ellemelle;Ellemelle
7890;ELLEZELLES;Ellezelles
7910;Ellignies-Lez-Frasnes;Ellignies-Lez-Frasnes
7972;Ellignies-Sainte-Anne;Ellignies-Sainte-Anne
3670;Ellikom;Ellikom
7370;Elouges;Elouges
9790;Elsegem;Elsegem
4750;Elsenborn;Elsenborn
1050;ELSENE;Elsene
9660;Elst;Elst
8906;Elverdinge;Elverdinge
9140;Elversele;Elversele
2520;Emblem;Emblem
4053;Embourg;Embourg
8870;Emelgem;Emelgem
5080;Emines;Emines
5363;Emptinne;Emptinne
9700;Ename;Ename
3800;Engelmanshoven;Engelmanshoven
4480;ENGIS;Engis
1350;Enines;Enines
4800;Ensival;Ensival
7134;Epinois;Epinois
1980;Eppegem;Eppegem
5580;Eprave;Eprave
7050;Erbaut;Erbaut
7050;Erbisoeul;Erbisoeul
7500;Ere;Ere
9320;Erembodegem;Erembodegem
6997;EREZÉE;Erezée
5644;Ermeton-Sur-Biert;Ermeton-Sur-Biert
5030;Ernage;Ernage
6972;Erneuville;Erneuville
4920;Ernonheid;Ernonheid
9420;Erondegem;Erondegem
9420;Erpe;Erpe
9420;ERPE-MERE;Erpe-Mere
5101;Erpent;Erpent
6441;Erpion;Erpion
3071;Erps-Kwerps;Erps-Kwerps
6560;ERQUELINNES;Erquelinnes
7387;Erquennes;Erquennes
9940;Ertvelde;Ertvelde
9620;Erwetegem;Erwetegem
7760;Escanaffles;Escanaffles
8600;Esen;Esen
4130;ESNEUX;Esneux
7502;Esplechin;Esplechin
7743;Esquelmes;Esquelmes
2910;ESSEN;Essen
1790;Essene;Essene
7730;Estaimbourg;Estaimbourg
7730;ESTAIMPUIS;Estaimpuis
7120;ESTINNES;Estinnes
7120;Estinnes-Au-Mont;Estinnes-Au-Mont
7120;Estinnes-Au-Val;Estinnes-Au-Val
6740;ETALLE;Etalle
6760;Ethe;Ethe
9680;Etikhove;Etikhove
8460;Ettelgem;Ettelgem
1040;ETTERBEEK;Etterbeek
7080;Eugies;Eugies
4700;EUPEN;Eupen
1046;European External Action Service;European External Action Service
1047;Europees Parlement;Europees Parlement
1049;Europese unie - Commissie;Europese Unie - Commissie
1048;Europese unie - Raad;Europese Unie - Raad
4631;Evegnée;Evegnée
5350;Evelette;Evelette
9660;Everbeek;Everbeek
3078;Everberg;Everberg
1140;EVERE;Evere
9940;EVERGEM;Evergem
7730;Evregnies;Evregnies
5530;Evrehailles;Evrehailles
4731;Eynatten;Eynatten
3400;Ezemaal;Ezemaal
5600;Fagnolle;Fagnolle
4317;FAIMES;Faimes
5522;Falaën;Falaën
5060;Falisolle;Falisolle
4260;Fallais;Fallais
5500;Falmagne;Falmagne
5500;Falmignoul;Falmignoul
7181;Familleureux;Familleureux
6240;FARCIENNES;Farciennes
5340;Faulx-Les-Tombes;Faulx-Les-Tombes
7120;Fauroeulx;Fauroeulx
6637;FAUVILLERS;Fauvillers
4950;Faymonville;Faymonville
6856;Fays-Les-Veneurs;Fays-Les-Veneurs
7387;Fayt-Le-Franc;Fayt-Le-Franc
7170;Fayt-Lez-Manage;Fayt-Lez-Manage
5570;Felenne;Felenne
7181;Feluy;Feluy
4607;Feneur;Feneur
5380;FERNELMONT;Fernelmont
4190;FERRIÈRES;Ferrières
5570;Feschaux;Feschaux
4347;FEXHE-LE-HAUT-CLOCHER;Fexhe-Le-Haut-Clocher
4458;Fexhe-Slins;Fexhe-Slins
4181;Filot;Filot
5560;Finnevaux;Finnevaux
4530;Fize-Fontaine;Fize-Fontaine
4367;Fize-Le-Marsal;Fize-Le-Marsal
6686;Flamierge;Flamierge
5620;Flavion;Flavion
5020;Flawinne;Flawinne
4400;FLÉMALLE;Flémalle
4400;Flémalle-Grande;Flémalle-Grande
4400;Flémalle-Haute;Flémalle-Haute
7012;Flénu;Flénu
4620;FLÉRON;Fléron
6220;FLEURUS;Fleurus
4540;Flône;Flône
5334;Florée;Florée
5150;FLOREFFE;Floreffe
5620;FLORENNES;Florennes
6820;FLORENVILLE;Florenville
5150;Floriffoux;Floriffoux
5370;Flostoy;Flostoy
5572;Focant;Focant
1212;FOD Mobiliteit;Fod Mobiliteit
1350;Folx-Les-Caves;Folx-Les-Caves
6140;FONTAINE-L'EVÊQUE;Fontaine-L'Evêque
6567;Fontaine-Valmont;Fontaine-Valmont
5650;Fontenelle;Fontenelle
6820;Fontenoille;Fontenoille
7643;Fontenoy;Fontenoy
4340;Fooz;Fooz
6141;Forchies-La-Marche;Forchies-La-Marche
7910;Forest;Forest
4870;Forêt;Forêt
6596;Forge-Philippe;Forge-Philippe
6464;Forges;Forges
6953;Forrières;Forrières
5380;Forville;Forville
4980;Fosse;Fosse
5070;FOSSES-LA-VILLE;Fosses-La-Ville
7830;Fouleng;Fouleng
6440;Fourbechies;Fourbechies
5504;Foy-Notre-Dame;Foy-Notre-Dame
4870;Fraipont;Fraipont
5650;Fraire;Fraire
4557;Fraiture;Fraiture
7080;FRAMERIES;Frameries
6853;Framont;Framont
5380;Franc-Waret;Franc-Waret
5600;Franchimont;Franchimont
4970;Francorchamps;Francorchamps
5150;Franière;Franière
5660;Frasnes;Frasnes
7910;FRASNES-LEZ-ANVAING;Frasnes-Lez-Anvaing
7911;Frasnes-Lez-Buissenal;Frasnes-Lez-Buissenal
6210;Frasnes-Lez-Gosselies;Frasnes-Lez-Gosselies
4347;Freloux;Freloux
6800;Freux;Freux
6440;FROIDCHAPELLE;Froidchapelle
5576;Froidfontaine;Froidfontaine
7504;Froidmont;Froidmont
6990;Fronville;Fronville
7503;Froyennes;Froyennes
4260;Fumal;Fumal
5500;Furfooz;Furfooz
5641;Furnaux;Furnaux
1750;Gaasbeek;Gaasbeek
7943;Gages;Gages
7906;Gallaix;Gallaix
1570;GALMAARDEN;Galmaarden
1083;GANSHOREN;Ganshoren
7530;Gaurain-Ramecroix;Gaurain-Ramecroix
9890;GAVERE;Gavere
5575;GEDINNE;Gedinne
2440;GEEL;Geel
4250;GEER;Geer
1367;Geest-Gérompont-Petit-Rosière;Geest-Gérompont-Petit-Rosière
3450;GEETBETS;Geetbets
5024;Gelbressée;Gelbressée
3800;Gelinden;Gelinden
3620;Gellik;Gellik
3200;Gelrode;Gelrode
8980;Geluveld;Geluveld
8940;Geluwe;Geluwe
6929;Gembes;Gembes
5030;GEMBLOUX;Gembloux
4851;Gemmenich;Gemmenich
1470;GENAPPE;Genappe
3600;GENK;Genk
7040;Genly;Genly
3770;Genoelselderen;Genoelselderen
9000;GENT;Gent
9099;Gent X;Gent X
9050;Gentbrugge;Gentbrugge
1450;Gentinnes;Gentinnes
1332;Genval;Genval
9500;GERAARDSBERGEN;Geraardsbergen
3960;Gerdingen;Gerdingen
5524;Gérin;Gérin
1367;Gérompont;Gérompont
6769;Gérouville;Gérouville
6280;GERPINNES;Gerpinnes
2590;Gestel;Gestel
5340;GESVES;Gesves
7822;Ghislenghien;Ghislenghien
7011;Ghlin;Ghlin
7863;Ghoy;Ghoy
7823;Gibecq;Gibecq
2275;Gierle;Gierle
8691;Gijverinkhove;Gijverinkhove
9308;Gijzegem;Gijzegem
8570;Gijzelbrechtegem;Gijzelbrechtegem
9860;Gijzenzele;Gijzenzele
6060;Gilly;Gilly
5680;Gimnée;Gimnée
3890;GINGELOM;Gingelom
8470;GISTEL;Gistel
8830;Gits;Gits
7041;Givry;Givry
1473;Glabais;Glabais
3380;GLABBEEK;Glabbeek
4000;Glain;Glain
4400;Gleixhe;Gleixhe
1315;Glimes;Glimes
4690;Glons;Glons
5680;Gochenée;Gochenée
7160;Godarville;Godarville
5530;Godinne;Godinne
9620;Godveerdegem;Godveerdegem
4834;Goé;Goé
9500;Goeferdinge;Goeferdinge
7040;Goegnies-Chaussée;Goegnies-Chaussée
5353;Goesnes;Goesnes
3300;Goetsenhoven;Goetsenhoven
4140;Gomzé-Andoumont;Gomzé-Andoumont
7830;Gondregnies;Gondregnies
5660;Gonrieux;Gonrieux
9090;Gontrode;Gontrode
1755;GOOIK;Gooik
3840;Gors-Opleeuw;Gors-Opleeuw
3803;Gorsem;Gorsem
6041;Gosselies;Gosselies
3840;Gotem;Gotem
9800;Gottem;Gottem
7070;Gottignies;Gottignies
6280;Gougnies;Gougnies
5651;Gourdinne;Gourdinne
6030;Goutroux;Goutroux
6670;GOUVY;Gouvy
6181;Gouy-Lez-Piéton;Gouy-Lez-Piéton
6534;Gozée;Gozée
4460;Grâce-Berleur;Grâce-Berleur
4460;GRÂCE-HOLLOGNE;Grâce-Hollogne
5555;Graide;Graide
9800;Grammene;Grammene
4300;Grand-Axhe;Grand-Axhe
4280;Grand-Hallet;Grand-Hallet
6698;Grand-Halleux;Grand-Halleux
5031;Grand-Leez;Grand-Leez
5030;Grand-Manil;Grand-Manil
4650;Grand-Rechain;Grand-Rechain
6560;Grand-Reng;Grand-Reng
1367;Grand-Rosière-Hottomont;Grand-Rosière-Hottomont
7973;Grandglise;Grandglise
6940;Grandhan;Grandhan
6960;Grandménil;Grandménil
7900;Grandmetz;Grandmetz
6470;Grandrieu;Grandrieu
4360;Grandville;Grandville
6840;Grandvoir;Grandvoir
6840;Grapfontaine;Grapfontaine
7830;Graty;Graty
5640;Graux;Graux
3450;Grazen;Grazen
9200;Grembergen;Grembergen
1390;GREZ-DOICEAU;Grez-Doiceau
1850;GRIMBERGEN;Grimbergen
9506;Grimminge;Grimminge
4030;Grivegnée;Grivegnée
2280;GROBBENDONK;Grobbendonk
1702;Groot-Bijgaarden;Groot-Bijgaarden
3800;Groot-Gelmen;Groot-Gelmen
3840;Groot-Loon;Groot-Loon
5555;Gros-Fays;Gros-Fays
7950;Grosage;Grosage
3990;Grote-Brogel;Grote-Brogel
3740;Grote-Spouwen;Grote-Spouwen
9620;Grotenberge;Grotenberge
3670;Gruitrode;Gruitrode
6952;Grune;Grune
6927;Grupont;Grupont
7620;Guignies;Guignies
3723;Guigoven;Guigoven
6704;Guirsch;Guirsch
8560;Gullegem;Gullegem
3870;Gutshoven;Gutshoven
3150;HAACHT;Haacht
9450;HAALTERT;Haaltert
9120;Haasdonk;Haasdonk
3053;Haasrode;Haasrode
6720;HABAY;Habay
6720;Habay-La-Neuve;Habay-La-Neuve
6723;Habay-La-Vieille;Habay-La-Vieille
6782;Habergy;Habergy
4684;Haccourt;Haccourt
6720;Hachy;Hachy
7911;Hacquegnies;Hacquegnies
5351;Haillot;Haillot
7100;Haine-Saint-Paul;Haine-Saint-Paul
7100;Haine-Saint-Pierre;Haine-Saint-Pierre
7350;Hainin;Hainin
3300;Hakendover;Hakendover
6792;Halanzy;Halanzy
3545;HALEN;Halen
2220;Hallaar;Hallaar
1500;HALLE;Halle
2980;Halle;Halle
3440;Halle-Booienhoven;Halle-Booienhoven
6986;Halleux;Halleux
6922;Halma;Halma
3800;Halmaal;Halmaal
5340;Haltinne;Haltinne
3945;HAM;Ham
6120;HAM-SUR-HEURE;Ham-Sur-Heure
5190;Ham-Sur-Sambre;Ham-Sur-Sambre
6840;Hamipré;Hamipré
1785;Hamme;Hamme
9220;HAMME;Hamme
1320;Hamme-Mille;Hamme-Mille
4180;HAMOIR;Hamoir
5360;HAMOIS;Hamois
3930;Hamont;Hamont
3930;HAMONT-ACHEL;Hamont-Achel
6990;Hampteau;Hampteau
5580;Han-Sur-Lesse;Han-Sur-Lesse
8610;Handzame;Handzame
4357;Haneffe;Haneffe
4210;Hannêche;Hannêche
4280;HANNUT;Hannut
5310;Hanret;Hanret
9850;Hansbeke;Hansbeke
6560;Hantes-Wihéries;Hantes-Wihéries
5621;Hanzinelle;Hanzinelle
5621;Hanzinne;Hanzinne
7321;Harchies;Harchies
8530;HARELBEKE;Harelbeke
1130;Haren;Haren
3700;Haren;Haren
3840;Haren;Haren
6900;Hargimont;Hargimont
7022;Harmignies;Harmignies
6767;Harnoncourt;Harnoncourt
6960;Harre;Harre
6950;Harsin;Harsin
7022;Harveng;Harveng
4920;Harzé;Harzé
3500;HASSELT;Hasselt
5540;HASTIÈRE;Hastière
5540;Hastière-Lavaux;Hastière-Lavaux
5541;Hastière-Par-Delà;Hastière-Par-Delà
6870;Hatrival;Hatrival
7120;Haulchin;Haulchin
4730;Hauset;Hauset
6929;Haut-Fays;Haut-Fays
1461;Haut-Ittre;Haut-Ittre
5537;Haut-Le-Wastia;Haut-Le-Wastia
7334;Hautrage;Hautrage
7041;Havay;Havay
5370;HAVELANGE;Havelange
5590;Haversin;Haversin
7531;Havinnes;Havinnes
7021;Havré;Havré
3940;Hechtel;Hechtel
3940;HECHTEL-EKSEL;Hechtel-Eksel
5543;Heer;Heer
3870;HEERS;Heers
3740;Hees;Hees
8551;Heestert;Heestert
2801;Heffen;Heffen
1670;Heikruis;Heikruis
2830;Heindonk;Heindonk
6700;Heinsch;Heinsch
8301;Heist-Aan-Zee;Heist-Aan-Zee
2220;HEIST-OP-DEN-BERG;Heist-Op-Den-Berg
1790;Hekelgem;Hekelgem
3870;Heks;Heks
3530;Helchteren;Helchteren
9450;Heldergem;Heldergem
1357;HÉLÉCINE;Hélécine
3440;Helen-Bos;Helen-Bos
8587;Helkijn;Helkijn
7830;Hellebecq;Hellebecq
9571;Hemelveerdegem;Hemelveerdegem
2620;HEMIKSEM;Hemiksem
5380;Hemptinne;Hemptinne
5620;Hemptinne-Lez-Florennes;Hemptinne-Lez-Florennes
3840;Hendrieken;Hendrieken
3700;Henis;Henis
7090;Hennuyères;Hennuyères
4841;Henri-Chapelle;Henri-Chapelle
7090;Henripont;Henripont
7350;HENSIES;Hensies
3971;Heppen;Heppen
4771;Heppenbach;Heppenbach
6220;Heppignies;Heppignies
6887;HERBEUMONT;Herbeumont
7050;Herchies;Herchies
3770;Herderen;Herderen
9310;Herdersem;Herdersem
3020;HERENT;Herent
2200;HERENTALS;Herentals
2270;HERENTHOUT;Herenthout
1540;Herfelingen;Herfelingen
4728;Hergenrath;Hergenrath
7742;Hérinnes-Lez-Pecq;Hérinnes-Lez-Pecq
3540;HERK-DE-STAD;Herk-De-Stad
4681;Hermalle-Sous-Argenteau;Hermalle-Sous-Argenteau
4480;Hermalle-Sous-Huy;Hermalle-Sous-Huy
4680;Hermée;Hermée
5540;Hermeton-Sur-Meuse;Hermeton-Sur-Meuse
1540;HERNE;Herne
4217;HÉRON;Héron
7911;Herquegies;Herquegies
7712;Herseaux;Herseaux
2230;HERSELT;Herselt
4040;HERSTAL;Herstal
3717;HERSTAPPE;Herstappe
7522;Hertain;Hertain
3831;Herten;Herten
8020;Hertsberge;Hertsberge
4650;HERVE;Herve
9550;HERZELE;Herzele
8501;Heule;Heule
5377;Heure;Heure
4682;Heure-Le-Romain;Heure-Le-Romain
9700;Heurne;Heurne
3550;Heusden;Heusden
9070;Heusden;Heusden
3550;HEUSDEN-ZOLDER;Heusden-Zolder
4802;Heusy;Heusy
8950;HEUVELLAND;Heuvelland
3191;Hever;Hever
3001;Heverlee;Heverlee
1435;Hévillers;Hévillers
6941;Heyd;Heyd
1733;HighCo DATA;Highco Data
9550;Hillegem;Hillegem
2880;Hingene;Hingene
5380;Hingeon;Hingeon
6984;Hives;Hives
2660;Hoboken;Hoboken
4351;Hodeige;Hodeige
6987;Hodister;Hodister
4162;Hody;Hody
3320;HOEGAARDEN;Hoegaarden
1560;HOEILAART;Hoeilaart
8340;Hoeke;Hoeke
3746;Hoelbeek;Hoelbeek
3471;Hoeleden;Hoeleden
3840;Hoepertingen;Hoepertingen
3730;HOESELT;Hoeselt
2940;Hoevenen;Hoevenen
1981;Hofstade;Hofstade
9308;Hofstade;Hofstade
5377;Hogne;Hogne
4342;Hognoul;Hognoul
7620;Hollain;Hollain
6637;Hollange;Hollange
8902;Hollebeke;Hollebeke
4460;Hollogne-Aux-Pierres;Hollogne-Aux-Pierres
4250;Hollogne-Sur-Geer;Hollogne-Sur-Geer
3220;HOLSBEEK;Holsbeek
2811;Hombeek;Hombeek
4852;Hombourg;Hombourg
6640;Hompré;Hompré
6780;Hondelange;Hondelange
5570;Honnay;Honnay
7387;HONNELLES;Honnelles
8830;HOOGLEDE;Hooglede
8690;Hoogstade;Hoogstade
2320;HOOGSTRATEN;Hoogstraten
9667;HOREBEKE;Horebeke
4460;Horion-Hozémont;Horion-Hozémont
7301;Hornu;Hornu
3870;Horpmaal;Horpmaal
7060;Horrues;Horrues
6990;HOTTON;Hotton
6724;Houdemont;Houdemont
7110;Houdeng-Aimeries;Houdeng-Aimeries
7110;Houdeng-Goegnies;Houdeng-Goegnies
5575;Houdremont;Houdremont
6660;HOUFFALIZE;Houffalize
5563;Hour;Hour
4671;Housse;Housse
1476;Houtain-Le-Val;Houtain-Le-Val
4682;Houtain-Saint-Siméon;Houtain-Saint-Siméon
7812;Houtaing;Houtaing
8377;Houtave;Houtave
8630;Houtem;Houtem
3530;Houthalen;Houthalen
3530;HOUTHALEN-HELCHTEREN;Houthalen-Helchteren
7781;Houthem;Houthem
8650;HOUTHULST;Houthulst
2235;Houtvenne;Houtvenne
3390;Houwaart;Houwaart
5530;Houx;Houx
5560;HOUYET;Houyet
2540;HOVE;Hove
7830;Hoves;Hoves
7624;Howardries;Howardries
4520;Huccorgne;Huccorgne
9750;Huise;Huise
7950;Huissignies;Huissignies
1654;Huizingen;Huizingen
3040;HULDENBERG;Huldenberg
2235;HULSHOUT;Hulshout
5560;Hulsonniaux;Hulsonniaux
8531;Hulste;Hulste
6900;Humain;Humain
1851;Humbeek;Humbeek
9630;Hundelgem;Hundelgem
1367;Huppaye;Huppaye
4500;HUY;Huy
7022;Hyon;Hyon
8480;ICHTEGEM;Ichtegem
9472;Iddergem;Iddergem
9506;Idegem;Idegem
8900;IEPER;Ieper
9340;Impe;Impe
1315;INCOURT;Incourt
8770;INGELMUNSTER;Ingelmunster
8570;Ingooigem;Ingooigem
1041;International press center;International Press Center
7801;Irchonwelz;Irchonwelz
7822;Isières;Isières
5032;Isnes;Isnes
2222;Itegem;Itegem
1701;Itterbeek;Itterbeek
1460;ITTRE;Ittre
4400;Ivoz-Ramet;Ivoz-Ramet
8870;IZEGEM;Izegem
6810;Izel;Izel
8691;Izenberge;Izenberge
6941;Izier;Izier
8490;JABBEKE;Jabbeke
4845;JALHAY;Jalhay
5354;Jallet;Jallet
5600;Jamagne;Jamagne
5100;Jambes;Jambes
5600;Jamiolle;Jamiolle
6120;Jamioulx;Jamioulx
6810;Jamoigne;Jamoigne
1350;Jandrain-Jandrenouille;Jandrain-Jandrenouille
1350;Jauche;Jauche
1370;Jauchelette;Jauchelette
5570;Javingue;Javingue
4540;Jehay;Jehay
6880;Jehonville;Jehonville
7012;Jemappes;Jemappes
5580;Jemelle;Jemelle
5589;Jemelle;Jemelle
4101;Jemeppe-Sur-Meuse;Jemeppe-Sur-Meuse
5190;JEMEPPE-SUR-SAMBRE;Jemeppe-Sur-Sambre
4357;Jeneffe;Jeneffe
5370;Jeneffe;Jeneffe
3840;Jesseren;Jesseren
1090;JETTE;Jette
3890;Jeuk;Jeuk
1370;JODOIGNE;Jodoigne
1370;Jodoigne-Souveraine;Jodoigne-Souveraine
7620;Jollain-Merlin;Jollain-Merlin
6280;Joncret;Joncret
4650;Julémont;Julémont
6040;Jumet;Jumet
4020;Jupille-Sur-Meuse;Jupille-Sur-Meuse
4450;JUPRELLE;Juprelle
7050;JURBISE;Jurbise
6642;Juseret;Juseret
8600;Kaaskerke;Kaaskerke
8870;Kachtem;Kachtem
3293;Kaggevinne;Kaggevinne
7540;Kain;Kain
9270;Kalken;Kalken
9120;Kallo;Kallo
9130;Kallo;Kallo
2920;KALMTHOUT;Kalmthout
1008;Kamer van Volksvertegenwoordigers;Kamer Van Volksvertegenwoordigers
1910;KAMPENHOUT;Kampenhout
8700;Kanegem;Kanegem
3770;Kanne;Kanne
1880;KAPELLE-OP-DEN-BOS;Kapelle-Op-Den-Bos
2950;KAPELLEN;Kapellen
3381;Kapellen;Kapellen
9970;KAPRIJKE;Kaprijke
8572;Kaster;Kaster
2460;KASTERLEE;Kasterlee
3950;Kaulille;Kaulille
3140;KEERBERGEN;Keerbergen
8600;Keiem;Keiem
4720;KELMIS;Kelmis
4367;Kemexhe;Kemexhe
8956;Kemmel;Kemmel
9190;Kemzeke;Kemzeke
8581;Kerkhove;Kerkhove
3370;Kerkom;Kerkom
3800;Kerkom-Bij-Sint-Truiden;Kerkom-Bij-Sint-Truiden
9451;Kerksken;Kerksken
3510;Kermt;Kermt
3840;Kerniel;Kerniel
3472;Kersbeek-Miskom;Kersbeek-Miskom
2560;Kessel;Kessel
3010;Kessel Lo;Kessel Lo
3640;Kessenich;Kessenich
1755;Kester;Kester
4701;Kettenis;Kettenis
5060;Keumiée;Keumiée
9130;Kieldrecht;Kieldrecht
3640;KINROOI;Kinrooi
3870;Klein-Gelmen;Klein-Gelmen
3990;Kleine-Brogel;Kleine-Brogel
3740;Kleine-Spouwen;Kleine-Spouwen
8420;Klemskerke;Klemskerke
8650;Klerken;Klerken
9690;KLUISBERGEN;Kluisbergen
9940;Kluizen;Kluizen
9910;Knesselare;Knesselare
8300;Knokke;Knokke
8300;KNOKKE-HEIST;Knokke-Heist
1730;Kobbegem;Kobbegem
8680;KOEKELARE;Koekelare
1081;KOEKELBERG;Koekelberg
3582;Koersel;Koersel
8670;KOKSIJDE;Koksijde
3700;Kolmont;Kolmont
3840;Kolmont;Kolmont
7780;Komen;Komen
7780;KOMEN-WAASTEN;Komen-Waasten
2500;Koningshooikt;Koningshooikt
3700;Koninksem;Koninksem
2550;KONTICH;Kontich
8510;Kooigem;Kooigem
8000;Koolkerke;Koolkerke
8851;Koolskamp;Koolskamp
3060;Korbeek-Dijle;Korbeek-Dijle
3360;Korbeek-Lo;Korbeek-Lo
8610;KORTEMARK;Kortemark
3470;KORTENAKEN;Kortenaken
3070;KORTENBERG;Kortenberg
3720;KORTESSEM;Kortessem
3890;Kortijs;Kortijs
8500;KORTRIJK;Kortrijk
3220;Kortrijk-Dutsel;Kortrijk-Dutsel
3850;Kozen;Kozen
1950;KRAAINEM;Kraainem
8972;Krombeke;Krombeke
9150;KRUIBEKE;Kruibeke
9770;KRUISEM;Kruisem
9770;Kruishoutem;Kruishoutem
3300;Kumtich;Kumtich
3511;Kuringen;Kuringen
3840;Kuttekoven;Kuttekoven
8520;KUURNE;Kuurne
3945;Kwaadmechelen;Kwaadmechelen
9690;Kwaremont;Kwaremont
1320;L'Ecluse;L'Ecluse
6464;L'Escaillère;L'Escaillère
7080;La Bouverie;La Bouverie
5080;LA BRUYÈRE;La Bruyère
7611;La Glanerie;La Glanerie
4987;La Gleize;La Gleize
7170;La Hestre;La Hestre
1310;LA HULPE;La Hulpe
7100;LA LOUVIÈRE;La Louvière
4910;La Reid;La Reid
6980;LA ROCHE-EN-ARDENNE;La Roche-En-Ardenne
2430;LAAKDAL;Laakdal
3400;Laar;Laar
9270;LAARNE;Laarne
6567;Labuissière;Labuissière
6821;Lacuisine;Lacuisine
7950;Ladeuze;Ladeuze
5550;Laforêt;Laforêt
7890;Lahamaide;Lahamaide
1020;Laken;Laken
7522;Lamain;Lamain
4800;Lambermont;Lambermont
6220;Lambusart;Lambusart
4350;Lamine;Lamine
4210;Lamontzée;Lamontzée
6767;Lamorteau;Lamorteau
8600;Lampernisse;Lampernisse
3620;LANAKEN;Lanaken
4600;Lanaye;Lanaye
9850;Landegem;Landegem
6111;Landelies;Landelies
3400;LANDEN;Landen
5300;Landenne;Landenne
9860;Landskouter;Landskouter
5651;Laneffe;Laneffe
3201;Langdorp;Langdorp
8920;Langemark;Langemark
8920;LANGEMARK-POELKAPELLE;Langemark-Poelkapelle
3650;Lanklaar;Lanklaar
7800;Lanquesaint;Lanquesaint
4450;Lantin;Lantin
4300;Lantremange;Lantremange
7622;Laplaigne;Laplaigne
8340;Lapscheure;Lapscheure
1380;LASNE;Lasne
1380;Lasne-Chapelle-Saint-Lambert;Lasne-Chapelle-Saint-Lambert
1370;Lathuy;Lathuy
4261;Latinne;Latinne
6761;Latour;Latour
3700;Lauw;Lauw
8930;Lauwe;Lauwe
6681;Lavacherie;Lavacherie
5580;Lavaux-Sainte-Anne;Lavaux-Sainte-Anne
4217;Lavoir;Lavoir
5670;Le Mesnil;Le Mesnil
7070;LE ROEULX;Le Roeulx
5070;Le Roux;Le Roux
9280;LEBBEKE;Lebbeke
9340;LEDE;Lede
9050;Ledeberg;Ledeberg
8880;LEDEGEM;Ledegem
3061;Leefdaal;Leefdaal
1755;Leerbeek;Leerbeek
6142;Leernes;Leernes
6530;Leers-Et-Fosteau;Leers-Et-Fosteau
7730;Leers-Nord;Leers-Nord
2811;Leest;Leest
9620;Leeuwergem;Leeuwergem
8432;Leffinge;Leffinge
6860;LÉGLISE;Léglise
5590;Leignon;Leignon
8691;Leisele;Leisele
8600;Leke;Leke
1502;Lembeek;Lembeek
9971;Lembeke;Lembeke
9820;Lemberge;Lemberge
8860;LENDELEDE;Lendelede
1750;LENNIK;Lennik
7870;LENS;Lens
4280;Lens-Saint-Remy;Lens-Saint-Remy
4250;Lens-Saint-Servais;Lens-Saint-Servais
4360;Lens-Sur-Geer;Lens-Sur-Geer
3970;LEOPOLDSBURG;Leopoldsburg
4560;Les Avins;Les Avins
6210;LES BONS VILLERS;Les Bons Villers
6811;Les Bulles;Les Bulles
6830;Les Hayons;Les Hayons
4317;Les Waleffes;Les Waleffes
7621;Lesdain;Lesdain
7860;LESSINES;Lessines
5580;Lessive;Lessive
6953;Lesterny;Lesterny
5170;Lesve;Lesve
7850;Lettelingen;Lettelingen
9521;Letterhoutem;Letterhoutem
6500;Leugnies;Leugnies
9700;Leupegem;Leupegem
3630;Leut;Leut
3000;LEUVEN;Leuven
5310;Leuze;Leuze
7900;LEUZE-EN-HAINAUT;Leuze-En-Hainaut
6500;Leval-Chaudeville;Leval-Chaudeville
7134;Leval-Trahegnies;Leval-Trahegnies
6238;Liberchies;Liberchies
6890;LIBIN;Libin
6800;LIBRAMONT-CHEVIGNY;Libramont-Chevigny
2460;Lichtaart;Lichtaart
8810;LICHTERVELDE;Lichtervelde
1770;LIEDEKERKE;Liedekerke
9400;Lieferinge;Lieferinge
4000;LIÈGE;Liège
4020;LIÈGE;Liège
4099;Liège X;Liège X
2500;LIER;Lier
9570;LIERDE;Lierde
4990;LIERNEUX;Lierneux
5310;Liernu;Liernu
4042;Liers;Liers
9930;LIEVEGEM;Lievegem
2870;Liezele;Liezele
7812;Ligne;Ligne
4254;Ligney;Ligney
5140;Ligny;Ligny
2275;LILLE;Lille
2040;Lillo;Lillo
1428;Lillois-Witterzée;Lillois-Witterzée
1300;Limal;Limal
4830;LIMBOURG;Limbourg
1342;Limelette;Limelette
6670;Limerlé;Limerlé
4357;Limont;Limont
4287;LINCENT;Lincent
3210;Linden;Linden
1630;LINKEBEEK;Linkebeek
3560;Linkhout;Linkhout
1357;Linsmeau;Linsmeau
2547;LINT;Lint
3350;LINTER;Linter
2890;Lippelo;Lippelo
5501;Lisogne;Lisogne
8380;Lissewege;Lissewege
5101;Lives-Sur-Meuse;Lives-Sur-Meuse
4600;Lixhe;Lixhe
8647;Lo;Lo
8647;LO-RENINGE;Lo-Reninge
6540;LOBBES;Lobbes
9080;LOCHRISTI;Lochristi
6042;Lodelinsart;Lodelinsart
2990;Loenhout;Loenhout
8958;Loker;Loker
9160;LOKEREN;Lokeren
3545;Loksbergen;Loksbergen
8434;Lombardsijde;Lombardsijde
7870;Lombise;Lombise
3920;LOMMEL;Lommel
4783;Lommersweiler;Lommersweiler
6463;Lompret;Lompret
6924;Lomprez;Lomprez
4431;Loncin;Loncin
1840;LONDERZEEL;Londerzeel
5310;Longchamps;Longchamps
6688;Longchamps;Longchamps
6840;Longlier;Longlier
1325;Longueville;Longueville
6600;Longvilly;Longvilly
4710;LONTZEN;Lontzen
5030;Lonzée;Lonzée
3040;Loonbeek;Loonbeek
8210;Loppem;Loppem
4987;Lorcé;Lorcé
1651;Lot;Lot
9880;Lotenhulle;Lotenhulle
5575;Louette-Saint-Denis;Louette-Saint-Denis
5575;Louette-Saint-Pierre;Louette-Saint-Pierre
1471;Loupoigne;Loupoigne
1348;Louvain-La-Neuve;Louvain-La-Neuve
4141;Louveigné;Louveigné
4920;Louveigné;Louveigné
9920;Lovendegem;Lovendegem
3360;Lovenjoel;Lovenjoel
6280;Loverval;Loverval
5101;Loyers;Loyers
3210;LUBBEEK;Lubbeek
7700;Luingne;Luingne
3560;LUMMEN;Lummen
5170;Lustin;Lustin
6238;Luttre;Luttre
9680;Maarke-Kerkem;Maarke-Kerkem
9680;MAARKEDAL;Maarkedal
3680;MAASEIK;Maaseik
3630;MAASMECHELEN;Maasmechelen
6663;Mabompré;Mabompré
1830;MACHELEN;Machelen
9870;Machelen;Machelen
6591;Macon;Macon
6593;Macquenoise;Macquenoise
5374;Maffe;Maffe
7810;Maffle;Maffle
4623;Magnée;Magnée
5330;Maillen;Maillen
7812;Mainvault;Mainvault
7020;Maisières;Maisières
6852;Maissin;Maissin
5300;Maizeret;Maizeret
3700;Mal;Mal
9990;MALDEGEM;Maldegem
1840;Malderen;Malderen
6960;Malempré;Malempré
1360;Malèves-Sainte-Marie-Wastinnes;Malèves-Sainte-Marie-Wastinnes
2390;MALLE;Malle
4960;MALMEDY;Malmedy
5020;Malonne;Malonne
5575;Malvoisin;Malvoisin
7170;MANAGE;Manage
4760;Manderfeld;Manderfeld
6960;MANHAY;Manhay
8433;Mannekensvere;Mannekensvere
1380;Maransart;Maransart
1495;Marbais;Marbais
6120;Marbaix;Marbaix
6900;MARCHE-EN-FAMENNE;Marche-En-Famenne
5024;Marche-Les-Dames;Marche-Les-Dames
7190;Marche-Lez-Ecaussinnes;Marche-Lez-Ecaussinnes
6030;Marchienne-Au-Pont;Marchienne-Au-Pont
4570;MARCHIN;Marchin
7387;Marchipont;Marchipont
5380;Marchovelette;Marchovelette
6001;Marcinelle;Marcinelle
6987;Marcourt;Marcourt
6990;Marenne;Marenne
9030;Mariakerke;Mariakerke
2880;Mariekerke;Mariekerke
5660;Mariembourg;Mariembourg
1350;Marilles;Marilles
7850;Mark;Mark
8510;Marke;Marke
8720;Markegem;Markegem
4210;Marneffe;Marneffe
7522;Marquain;Marquain
6630;MARTELANGE;Martelange
3742;Martenslinde;Martenslinde
5573;Martouzin-Neuville;Martouzin-Neuville
6953;Masbourg;Masbourg
7050;Masnuy-Saint-Jean;Masnuy-Saint-Jean
7050;Masnuy-Saint-Pierre;Masnuy-Saint-Pierre
9230;Massemen;Massemen
2240;Massenhoven;Massenhoven
5680;Matagne-La-Grande;Matagne-La-Grande
5680;Matagne-La-Petite;Matagne-La-Petite
9700;Mater;Mater
7640;Maubray;Maubray
7534;Maulde;Maulde
7110;Maurage;Maurage
5670;Mazée;Mazée
1745;Mazenzele;Mazenzele
5032;Mazy;Mazy
5372;Méan;Méan
2800;MECHELEN;Mechelen
3630;Mechelen-Aan-De-Maas;Mechelen-Aan-De-Maas
3870;Mechelen-Bovelingen;Mechelen-Bovelingen
4219;Meeffe;Meeffe
3391;Meensel-Kiezegem;Meensel-Kiezegem
2321;Meer;Meer
3078;Meerbeek;Meerbeek
9402;Meerbeke;Meerbeke
9170;Meerdonk;Meerdonk
2450;MEERHOUT;Meerhout
2328;Meerle;Meerle
3630;Meeswijk;Meeswijk
8377;Meetkerke;Meetkerke
3670;Meeuwen;Meeuwen
5310;Mehaigne;Mehaigne
9800;Meigem;Meigem
9630;Meilegem;Meilegem
1860;MEISE;Meise
6769;MEIX-DEVANT-VIRTON;Meix-Devant-Virton
6747;Meix-Le-Tige;Meix-Le-Tige
9700;Melden;Melden
3320;Meldert;Meldert
3560;Meldert;Meldert
9310;Meldert;Meldert
4633;Melen;Melen
1370;Mélin;Mélin
3350;Melkwezer;Melkwezer
9090;MELLE;Melle
1495;Mellery;Mellery
7540;Melles;Melles
6211;Mellet;Mellet
6860;Mellier;Mellier
1820;Melsbroek;Melsbroek
9120;Melsele;Melsele
9820;Melsen;Melsen
4837;Membach;Membach
5550;Membre;Membre
3770;Membruggen;Membruggen
9042;Mendonk;Mendonk
8930;MENEN;Menen
6567;MERBES-LE-CHÂTEAU;Merbes-Le-Château
6567;Merbes-Sainte-Marie;Merbes-Sainte-Marie
1785;MERCHTEM;Merchtem
4280;Merdorp;Merdorp
9420;Mere;Mere
9820;MERELBEKE;Merelbeke
9850;Merendree;Merendree
8650;Merkem;Merkem
2170;Merksem;Merksem
2330;MERKSPLAS;Merksplas
5600;Merlemont;Merlemont
8957;MESEN;Mesen
7822;Meslin-L'Evêque;Meslin-L'Evêque
5560;Mesnil-Eglise;Mesnil-Eglise
5560;Mesnil-Saint-Blaise;Mesnil-Saint-Blaise
9200;Mespelare;Mespelare
6780;MESSANCY;Messancy
3272;Messelbroek;Messelbroek
7022;Mesvin;Mesvin
3870;Mettekoven;Mettekoven
5640;METTET;Mettet
8760;MEULEBEKE;Meulebeke
5081;Meux;Meux
7942;Mévergnies-Lez-Lens;Mévergnies-Lez-Lens
4770;Meyerode;Meyerode
9660;Michelbeke;Michelbeke
4630;Micheroux;Micheroux
9992;Middelburg;Middelburg
8430;MIDDELKERKE;Middelkerke
5376;Miécret;Miécret
3891;Mielen-Boven-Aalst;Mielen-Boven-Aalst
7070;Mignault;Mignault
3770;Millen;Millen
4041;Milmort;Milmort
2322;Minderhout;Minderhout
1035;Ministerie van het Brussels Hoofdstedelijk Gewest;Ministerie Van Het Brussels Hoofdstedelijk Gewest
6870;Mirwart;Mirwart
4577;MODAVE;Modave
3790;Moelingen;Moelingen
8552;Moen;Moen
9500;Moerbeke;Moerbeke
9180;MOERBEKE-WAAS;Moerbeke-Waas
8470;Moere;Moere
8340;Moerkerke;Moerkerke
9220;Moerzeke;Moerzeke
7700;MOESKROEN;Moeskroen
4520;Moha;Moha
5361;Mohiville;Mohiville
5060;Moignelée;Moignelée
6800;Moircy;Moircy
2400;MOL;Mol
7760;Molenbaix;Molenbaix
3461;Molenbeek-Wersbeek;Molenbeek-Wersbeek
3640;Molenbeersel;Molenbeersel
3294;Molenstede;Molenstede
1730;Mollem;Mollem
4350;Momalle;Momalle
6590;MOMIGNIES;Momignies
5555;Monceau-En-Ardenne;Monceau-En-Ardenne
6592;Monceau-Imbrechies;Monceau-Imbrechies
6031;Monceau-Sur-Sambre;Monceau-Sur-Sambre
7000;MONS;Mons
4400;Mons-Lez-Liège;Mons-Lez-Liège
1400;Monstreux;Monstreux
5530;Mont;Mont
6661;Mont;Mont
7750;MONT-DE-L'ENCLUS;Mont-De-L'Enclus
5580;Mont-Gauthier;Mont-Gauthier
1367;Mont-Saint-André;Mont-Saint-André
7542;Mont-Saint-Aubert;Mont-Saint-Aubert
1435;MONT-SAINT-GUIBERT;Mont-Saint-Guibert
7141;Mont-Sainte-Aldegonde;Mont-Sainte-Aldegonde
6540;Mont-Sainte-Geneviève;Mont-Sainte-Geneviève
6032;Mont-Sur-Marchienne;Mont-Sur-Marchienne
6470;Montbliart;Montbliart
4420;Montegnée;Montegnée
3890;Montenaken;Montenaken
7870;Montignies-Lez-Lens;Montignies-Lez-Lens
6560;Montignies-Saint-Christophe;Montignies-Saint-Christophe
7387;Montignies-Sur-Roc;Montignies-Sur-Roc
6061;Montignies-Sur-Sambre;Montignies-Sur-Sambre
6110;MONTIGNY-LE-TILLEUL;Montigny-Le-Tilleul
6674;Montleban;Montleban
7911;Montroeul-Au-Bois;Montroeul-Au-Bois
7350;Montroeul-Sur-Haine;Montroeul-Sur-Haine
4850;Montzen;Montzen
9310;Moorsel;Moorsel
8560;Moorsele;Moorsele
8890;MOORSLEDE;Moorslede
9860;Moortsele;Moortsele
3740;Mopertingen;Mopertingen
9790;Moregem;Moregem
4850;Moresnet;Moresnet
6640;Morhet;Morhet
5621;Morialmé;Morialmé
2200;Morkhoven;Morkhoven
7140;MORLANWELZ;Morlanwelz
7140;Morlanwelz-Mariemont;Morlanwelz-Mariemont
6997;Mormont;Mormont
5190;Mornimont;Mornimont
4670;Mortier;Mortier
4607;Mortroux;Mortroux
2640;MORTSEL;Mortsel
5620;Morville;Morville
7812;Moulbaix;Moulbaix
7543;Mourcourt;Mourcourt
7911;Moustier;Moustier
5190;Moustier-Sur-Sambre;Moustier-Sur-Sambre
5550;Mouzaive;Mouzaive
4280;Moxhe;Moxhe
5340;Mozet;Mozet
2812;Muizen;Muizen
3891;Muizen;Muizen
9700;Mullem;Mullem
9630;Munkzwalm;Munkzwalm
6820;Muno;Muno
3740;Munsterbilzen;Munsterbilzen
9820;Munte;Munte
6750;MUSSON;Musson
6750;Mussy-La-Ville;Mussy-La-Ville
4190;My;My
7062;Naast;Naast
6660;Nadrin;Nadrin
5550;Nafraiture;Nafraiture
6120;Nalinnes;Nalinnes
5300;Namêche;Namêche
5000;NAMUR;Namur
4550;NANDRIN;Nandrin
5100;Naninne;Naninne
5555;Naomé;Naomé
6950;NASSOGNE;Nassogne
1110;NATO;Nato
5360;Natoye;Natoye
9810;NAZARETH;Nazareth
7730;Néchin;Néchin
1120;Neder-Over-Heembeek;Neder-Over-Heembeek
9500;Nederboelare;Nederboelare
9660;Nederbrakel;Nederbrakel
9700;Nederename;Nederename
9400;Nederhasselt;Nederhasselt
1910;Nederokkerzeel;Nederokkerzeel
9636;Nederzwalm-Hermelgem;Nederzwalm-Hermelgem
3670;Neerglabbeek;Neerglabbeek
3620;Neerharen;Neerharen
3350;Neerhespen;Neerhespen
1357;Neerheylissem;Neerheylissem
3040;Neerijse;Neerijse
3404;Neerlanden;Neerlanden
3350;Neerlinter;Neerlinter
3680;Neeroeteren;Neeroeteren
3910;Neerpelt;Neerpelt
3700;Neerrepen;Neerrepen
3370;Neervelp;Neervelp
7784;Neerwaasten;Neerwaasten
3400;Neerwinden;Neerwinden
9403;Neigem;Neigem
3700;Nerem;Nerem
4870;Nessonvaux;Nessonvaux
1390;Nethen;Nethen
5377;Nettinne;Nettinne
4721;Neu-Moresnet;Neu-Moresnet
4608;Neufchâteau;Neufchâteau
6840;NEUFCHÂTEAU;Neufchâteau
7332;Neufmaison;Neufmaison
7063;Neufvilles;Neufvilles
4120;NEUPRÉ;Neupré
5600;Neuville;Neuville
4121;Neuville-En-Condroz;Neuville-En-Condroz
9850;Nevele;Nevele
2845;NIEL;Niel
3668;Niel-Bij-As;Niel-Bij-As
3890;Niel-Bij-Sint-Truiden;Niel-Bij-Sint-Truiden
9506;Nieuwenhove;Nieuwenhove
1880;Nieuwenrode;Nieuwenrode
3850;NIEUWERKERKEN;Nieuwerkerken
9320;Nieuwerkerken;Nieuwerkerken
8600;Nieuwkapelle;Nieuwkapelle
8950;Nieuwkerke;Nieuwkerke
9100;Nieuwkerken-Waas;Nieuwkerken-Waas
8377;Nieuwmunster;Nieuwmunster
8620;NIEUWPOORT;Nieuwpoort
3221;Nieuwrode;Nieuwrode
2560;NIJLEN;Nijlen
1457;Nil-Saint-Vincent-Saint-Martin;Nil-Saint-Vincent-Saint-Martin
7020;Nimy;Nimy
9400;NINOVE;Ninove
5670;Nismes;Nismes
1400;NIVELLES;Nivelles
5680;Niverlée;Niverlée
6640;Nives;Nives
6717;Nobressart;Nobressart
1320;Nodebais;Nodebais
1350;Noduwez;Noduwez
7080;Noirchain;Noirchain
6831;Noirfontaine;Noirfontaine
5377;Noiseux;Noiseux
9771;Nokere;Nokere
6851;Nollevaux;Nollevaux
2200;Noorderwijk;Noorderwijk
8647;Noordschote;Noordschote
1930;Nossegem;Nossegem
6717;Nothomb;Nothomb
7022;Nouvelles;Nouvelles
4347;Noville;Noville
6600;Noville;Noville
5380;Noville-Les-Bois;Noville-Les-Bois
5310;Noville-Sur-Mehaigne;Noville-Sur-Mehaigne
9681;Nukerke;Nukerke
6230;Obaix;Obaix
7743;Obigies;Obigies
7034;Obourg;Obourg
6890;Ochamps;Ochamps
4560;Ocquier;Ocquier
6960;Odeigne;Odeigne
4367;Odeur;Odeur
8730;Oedelem;Oedelem
8800;Oekene;Oekene
2520;Oelegem;Oelegem
8690;Oeren;Oeren
8720;Oeselgem;Oeselgem
1755;Oetingen;Oetingen
7911;Oeudeghien;Oeudeghien
2260;Oevel;Oevel
6850;Offagne;Offagne
1934;Office Exchange Brussels Airport Remailing;Office Exchange Brussels Airport Remailing
7862;Ogy;Ogy
1380;Ohain;Ohain
5350;OHEY;Ohey
5670;Oignies-En-Thiérache;Oignies-En-Thiérache
1480;Oisquercq;Oisquercq
5555;Oizy;Oizy
9400;Okegem;Okegem
2250;OLEN;Olen
4300;Oleye;Oleye
7866;Ollignies;Ollignies
5670;Olloy-Sur-Viroin;Olloy-Sur-Viroin
2491;Olmen;Olmen
4877;OLNE;Olne
9870;Olsene;Olsene
4252;Omal;Omal
4540;Ombret;Ombret
5600;Omezée;Omezée
6900;On;On
5520;ONHAYE;Onhaye
9500;Onkerzele;Onkerzele
7387;Onnezies;Onnezies
5190;Onoz;Onoz
1760;Onze-Lieve-Vrouw-Lombeek;Onze-Lieve-Vrouw-Lombeek
2861;Onze-Lieve-Vrouw-Waver;Onze-Lieve-Vrouw-Waver
8710;Ooigem;Ooigem
9700;Ooike;Ooike
9790;Ooike;Ooike
9520;Oombergen;Oombergen
9620;Oombergen;Oombergen
3300;Oorbeek;Oorbeek
9340;Oordegem;Oordegem
9041;Oostakker;Oostakker
8670;Oostduinkerke;Oostduinkerke
9968;Oosteeklo;Oosteeklo
8400;OOSTENDE;Oostende
9860;OOSTERZELE;Oosterzele
3945;Oostham;Oostham
8020;OOSTKAMP;Oostkamp
8340;Oostkerke;Oostkerke
8600;Oostkerke;Oostkerke
2390;Oostmalle;Oostmalle
8840;Oostnieuwkerke;Oostnieuwkerke
8780;OOSTROZEBEKE;Oostrozebeke
8640;Oostvleteren;Oostvleteren
9931;Oostwinkel;Oostwinkel
9660;Opbrakel;Opbrakel
9255;Opdorp;Opdorp
3660;Opglabbeek;Opglabbeek
3630;Opgrimbie;Opgrimbie
1421;Ophain-Bois-Seigneur-Isaac;Ophain-Bois-Seigneur-Isaac
9500;Ophasselt;Ophasselt
3870;Opheers;Opheers
1357;Opheylissem;Opheylissem
3640;Ophoven;Ophoven
3960;Opitter;Opitter
3300;Oplinter;Oplinter
3680;Opoeteren;Opoeteren
6852;Opont;Opont
1315;Opprebais;Opprebais
2890;Oppuurs;Oppuurs
3360;Opvelp;Opvelp
1745;OPWIJK;Opwijk
1360;Orbais;Orbais
5550;Orchimont;Orchimont
7501;Orcq;Orcq
3800;Ordingen;Ordingen
5640;Oret;Oret
4360;OREYE;Oreye
6880;Orgeo;Orgeo
7802;Ormeignies;Ormeignies
1350;ORP-JAUCHE;Orp-Jauche
1350;Orp-Le-Grand;Orp-Le-Grand
7750;Orroir;Orroir
3350;Orsmaal-Gussenhoven;Orsmaal-Gussenhoven
6983;Ortho;Ortho
7804;Ostiches;Ostiches
8553;Otegem;Otegem
4210;Oteppe;Oteppe
4340;Othée;Othée
4360;Otrange;Otrange
3040;Ottenburg;Ottenburg
9420;Ottergem;Ottergem
1340;Ottignies;Ottignies
1340;OTTIGNIES-LOUVAIN-LA-NEUVE;Ottignies-Louvain-La-Neuve
3050;OUD-HEVERLEE;Oud-Heverlee
2360;OUD-TURNHOUT;Oud-Turnhout
9200;Oudegem;Oudegem
8600;Oudekapelle;Oudekapelle
9700;OUDENAARDE;Oudenaarde
1600;Oudenaken;Oudenaken
8460;OUDENBURG;Oudenburg
1160;OUDERGEM;Oudergem
3670;OUDSBERGEN;Oudsbergen
4590;OUFFET;Ouffet
4102;Ougrée;Ougrée
4680;OUPEYE;Oupeye
9406;Outer;Outer
3321;Outgaarden;Outgaarden
4577;Outrelouxhe;Outrelouxhe
8582;Outrijve;Outrijve
9750;Ouwegem;Ouwegem
9500;Overboelare;Overboelare
3350;Overhespen;Overhespen
3090;OVERIJSE;Overijse
9290;Overmere;Overmere
3900;Overpelt;Overpelt
3700;Overrepen;Overrepen
3400;Overwinden;Overwinden
3583;Paal;Paal
4452;Paifve;Paifve
4560;Pailhe;Pailhe
6850;PALISEUL;Paliseul
1760;Pamel;Pamel
7861;Papignies;Papignies
9661;Parike;Parike
1012;Parlement de la communauté française;Parlement De La Communauté Française
5012;Parlement Wallon;Parlement Wallon
8980;Passendale;Passendale
5575;Patignies;Patignies
7340;Pâturages;Pâturages
9630;Paulatem;Paulatem
7740;PECQ;Pecq
3990;PEER;Peer
7120;Peissant;Peissant
4287;Pellaines;Pellaines
3212;Pellenberg;Pellenberg
3900;PELT;Pelt
1670;PEPINGEN;Pepingen
4860;PEPINSTER;Pepinster
1820;Perk;Perk
7640;Péronnes-Lez-Antoing;Péronnes-Lez-Antoing
7134;Péronnes-Lez-Binche;Péronnes-Lez-Binche
7600;PÉRUWELZ;Péruwelz
8600;Pervijze;Pervijze
1360;PERWEZ;Perwez
5352;Perwez-Haillot;Perwez-Haillot
5660;Pesche;Pesche
5590;Pessoux;Pessoux
9800;Petegem-Aan-De-Leie;Petegem-Aan-De-Leie
9790;Petegem-Aan-De-Schelde;Petegem-Aan-De-Schelde
5660;Pétigny;Pétigny
5555;Petit-Fays;Petit-Fays
4280;Petit-Hallet;Petit-Hallet
4800;Petit-Rechain;Petit-Rechain
7090;Petit-Roeulx-Lez-Braine;Petit-Roeulx-Lez-Braine
7181;Petit-Roeulx-Lez-Nivelles;Petit-Roeulx-Lez-Nivelles
6692;Petit-Thier;Petit-Thier
5660;Petite-Chapelle;Petite-Chapelle
1800;Peutie;Peutie
5600;PHILIPPEVILLE;Philippeville
7160;Piéton;Piéton
1370;Piétrain;Piétrain
1315;Piétrebais;Piétrebais
7904;Pipaix;Pipaix
3700;Piringen;Piringen
6240;Pironchamps;Pironchamps
8740;PITTEM;Pittem
4122;Plainevaux;Plainevaux
1380;Plancenoit;Plancenoit
7782;Ploegsteert;Ploegsteert
4850;PLOMBIÈRES;Plombières
2275;Poederlee;Poederlee
9880;Poeke;Poeke
8920;Poelkapelle;Poelkapelle
9850;Poesele;Poesele
9401;Pollare;Pollare
4800;Polleur;Polleur
4910;Polleur;Polleur
8647;Pollinkhove;Pollinkhove
7322;Pommeroeul;Pommeroeul
5574;Pondrôme;Pondrôme
6230;PONT-À-CELLES;Pont-À-Celles
6250;Pont-De-Loup;Pont-De-Loup
5380;Pontillas;Pontillas
8970;POPERINGE;Poperinge
2382;Poppel;Poppel
7760;Popuelles;Popuelles
5370;Porcheresse;Porcheresse
6929;Porcheresse;Porcheresse
1100;Postcheque;Postcheque
7760;Pottes;Pottes
4280;Poucet;Poucet
4171;Poulseur;Poulseur
6830;Poupehan;Poupehan
4350;Pousset;Pousset
5660;Presgaux;Presgaux
6250;Presles;Presles
5170;PROFONDEVILLE;Profondeville
8972;Proven;Proven
5650;Pry;Pry
2242;Pulderbos;Pulderbos
2243;Pulle;Pulle
5530;Purnode;Purnode
5550;Pussemange;Pussemange
2580;PUTTE;Putte
2870;Puurs;Puurs
2870;PUURS-SINT-AMANDS;Puurs-Sint-Amands
7390;QUAREGNON;Quaregnon
7540;Quartes;Quartes
1430;Quenast;Quenast
4610;Queue-Du-Bois;Queue-Du-Bois
7972;Quevaucamps;Quevaucamps
7040;QUÉVY;Quévy
7040;Quévy-Le-Grand;Quévy-Le-Grand
7040;Quévy-Le-Petit;Quévy-Le-Petit
7380;QUIÉVRAIN;Quiévrain
1006;Raad van de Vlaamse Gemeenschapscommissie;Raad Van De Vlaamse Gemeenschapscommissie
6792;Rachecourt;Rachecourt
4287;Racour;Racour
4730;RAEREN;Raeren
6532;Ragnies;Ragnies
4987;Rahier;Rahier
7971;Ramegnies;Ramegnies
7520;Ramegnies-Chin;Ramegnies-Chin
4557;Ramelot;Ramelot
1367;RAMILLIES;Ramillies
1880;Ramsdonk;Ramsdonk
2230;Ramsel;Ramsel
8301;Ramskapelle;Ramskapelle
8620;Ramskapelle;Ramskapelle
6470;Rance;Rance
6043;Ransart;Ransart
3470;Ransberg;Ransberg
2520;RANST;Ranst
2380;RAVELS;Ravels
7804;Rebaix;Rebaix
1430;REBECQ;Rebecq
1430;Rebecq-Rognon;Rebecq-Rognon
4780;Recht;Recht
6800;Recogne;Recogne
6890;Redu;Redu
2840;Reet;Reet
3621;Rekem;Rekem
8930;Rekkem;Rekkem
1731;Relegem;Relegem
6800;Remagne;Remagne
3791;Remersdaal;Remersdaal
4350;REMICOURT;Remicourt
6987;RENDEUX;Rendeux
8647;Reninge;Reninge
8970;Reningelst;Reningelst
6500;Renlies;Renlies
3950;Reppel;Reppel
7134;Ressaix;Ressaix
9551;Ressegem;Ressegem
6927;Resteigne;Resteigne
2470;RETIE;Retie
4621;Retinne;Retinne
4790;Reuland;Reuland
6210;Rèves;Rèves
5080;Rhisnes;Rhisnes
4600;Richelle;Richelle
3770;RIEMST;Riemst
5575;Rienne;Rienne
6464;Rièzes;Rièzes
3840;Rijkel;Rijkel
2310;RIJKEVORSEL;Rijkevorsel
3740;Rijkhoven;Rijkhoven
2820;Rijmenam;Rijmenam
3700;Riksingen;Riksingen
3202;Rillaar;Rillaar
5170;Rivière;Rivière
1330;RIXENSART;Rixensart
6460;Robechies;Robechies
6769;Robelmont;Robelmont
4950;Robertville;Robertville
9630;Roborst;Roborst
5580;ROCHEFORT;Rochefort
6830;Rochehaut;Rochehaut
4761;Rocherath;Rocherath
4690;Roclenge-Sur-Geer;Roclenge-Sur-Geer
4000;Rocourt;Rocourt
8972;Roesbrugge-Haringe;Roesbrugge-Haringe
8800;ROESELARE;Roeselare
5651;Rognée;Rognée
7387;Roisin;Roisin
8460;Roksem;Roksem
8510;Rollegem;Rollegem
8880;Rollegem-Kapelle;Rollegem-Kapelle
4347;Roloux;Roloux
5600;Roly;Roly
5600;Romedenne;Romedenne
5680;Romerée;Romerée
3730;Romershoven;Romershoven
4624;Romsée;Romsée
7623;Rongy;Rongy
7090;Ronquières;Ronquières
9600;RONSE;Ronse
9932;Ronsele;Ronsele
3370;Roosbeek;Roosbeek
1760;ROOSDAAL;Roosdaal
5620;Rosée;Rosée
6250;Roselies;Roselies
1331;Rosières;Rosières
3740;Rosmeer;Rosmeer
4257;Rosoux-Crenwick;Rosoux-Crenwick
6730;Rossignol;Rossignol
3650;Rotem;Rotem
4120;Rotheux-Rimière;Rotheux-Rimière
3110;ROTSELAAR;Rotselaar
7601;Roucourt;Roucourt
7120;Rouveroy;Rouveroy
4140;Rouvreux;Rouvreux
6767;ROUVROY;Rouvroy
6044;Roux;Roux
1315;Roux-Miroir;Roux-Miroir
6900;Roy;Roy
9630;Rozebeke;Rozebeke
1044;RTBF;Rtbf
1033;RTL-TVI;Rtl-Tvi
8020;Ruddervoorde;Ruddervoorde
6760;Ruette;Ruette
9690;Ruien;Ruien
1601;Ruisbroek;Ruisbroek
2870;Ruisbroek;Ruisbroek
8755;RUISELEDE;Ruiselede
3870;Rukkelingen-Loon;Rukkelingen-Loon
6724;Rulles;Rulles
8800;Rumbeke;Rumbeke
7610;RUMES;Rumes
7540;Rumillies;Rumillies
3454;Rummen;Rummen
3400;Rumsdorp;Rumsdorp
2840;RUMST;Rumst
3803;Runkelen;Runkelen
9150;Rupelmonde;Rupelmonde
7750;Russeignies;Russeignies
3700;Rutten;Rutten
3798;S Gravenvoeren;S Gravenvoeren
5010;SA SudPresse;Sa Sudpresse
6221;Saint-Amand;Saint-Amand
4606;Saint-André;Saint-André
5620;Saint-Aubin;Saint-Aubin
7034;Saint-Denis;Saint-Denis
5081;Saint-Denis-Bovesse;Saint-Denis-Bovesse
4470;SAINT-GEORGES-SUR-MEUSE;Saint-Georges-Sur-Meuse
5640;Saint-Gérard;Saint-Gérard
5310;Saint-Germain;Saint-Germain
1450;Saint-Géry;Saint-Géry
7330;SAINT-GHISLAIN;Saint-Ghislain
6870;SAINT-HUBERT;Saint-Hubert
1370;Saint-Jean-Geest;Saint-Jean-Geest
6747;SAINT-LÉGER;Saint-Léger
7730;Saint-Léger;Saint-Léger
5003;Saint-Marc;Saint-Marc
6762;Saint-Mard;Saint-Mard
5190;Saint-Martin;Saint-Martin
7500;Saint-Maur;Saint-Maur
6887;Saint-Médard;Saint-Médard
4420;SAINT-NICOLAS;Saint-Nicolas
6800;Saint-Pierre;Saint-Pierre
4672;Saint-Remy;Saint-Remy
6460;Saint-Remy;Saint-Remy
1370;Saint-Remy-Geest;Saint-Remy-Geest
7912;Saint-Sauveur;Saint-Sauveur
5002;Saint-Servais;Saint-Servais
4550;Saint-Séverin;Saint-Séverin
7030;Saint-Symphorien;Saint-Symphorien
7100;Saint-Vaast;Saint-Vaast
6730;Saint-Vincent;Saint-Vincent
6820;Sainte-Cécile;Sainte-Cécile
6800;Sainte-Marie-Chevigny;Sainte-Marie-Chevigny
6740;Sainte-Marie-Sur-Semois;Sainte-Marie-Sur-Semois
6680;SAINTE-ODE;Sainte-Ode
1480;Saintes;Saintes
4671;Saive;Saive
6460;Salles;Salles
5600;Samart;Samart
5060;SAMBREVILLE;Sambreville
6982;Samrée;Samrée
4780;SANKT-VITH;Sankt-Vith
7080;Sars-La-Bruyère;Sars-La-Bruyère
6542;Sars-La-Buissière;Sars-La-Buissière
5330;Sart-Bernard;Sart-Bernard
5575;Sart-Custinne;Sart-Custinne
1495;Sart-Dames-Avelines;Sart-Dames-Avelines
5600;Sart-En-Fagne;Sart-En-Fagne
5070;Sart-Eustache;Sart-Eustache
4845;Sart-Lez-Spa;Sart-Lez-Spa
5070;Sart-Saint-Laurent;Sart-Saint-Laurent
6470;Sautin;Sautin
5600;Sautour;Sautour
5030;Sauvenière;Sauvenière
1101;Scanning;Scanning
1030;SCHAARBEEK;Schaarbeek
3290;Schaffen;Schaffen
3732;Schalkhoven;Schalkhoven
5364;Schaltin;Schaltin
9820;Schelderode;Schelderode
9860;Scheldewindeke;Scheldewindeke
2627;SCHELLE;Schelle
9260;Schellebelle;Schellebelle
9506;Schendelbeke;Schendelbeke
1703;Schepdaal;Schepdaal
3270;Scherpenheuvel;Scherpenheuvel
3270;SCHERPENHEUVEL-ZICHEM;Scherpenheuvel-Zichem
2970;SCHILDE;Schilde
9200;Schoonaarde;Schoonaarde
8433;Schore;Schore
9688;Schorisse;Schorisse
2900;SCHOTEN;Schoten
2223;Schriek;Schriek
8700;Schuiferskapelle;Schuiferskapelle
3540;Schulen;Schulen
4782;Schönberg;Schönberg
5300;Sclayn;Sclayn
5361;Scy;Scy
5300;Seilles;Seilles
6781;Sélange;Sélange
6596;Seloignes;Seloignes
9890;Semmerzake;Semmerzake
7180;SENEFFE;Seneffe
6832;Sensenruth;Sensenruth
4557;Seny;Seny
5630;Senzeilles;Senzeilles
6940;Septon;Septon
4100;SERAING;Seraing
4537;Seraing-Le-Château;Seraing-Le-Château
5590;Serinchamps;Serinchamps
9260;Serskamp;Serskamp
5521;Serville;Serville
7010;SHAPE;Shape
6640;Sibret;Sibret
6750;Signeulx;Signeulx
8340;Sijsele;Sijsele
5630;Silenrieux;Silenrieux
7830;SILLY;Silly
9112;Sinaai-Waas;Sinaai-Waas
5377;Sinsin;Sinsin
1082;SINT-AGATHA-BERCHEM;Sint-Agatha-Berchem
3040;Sint-Agatha-Rode;Sint-Agatha-Rode
2890;Sint-Amands;Sint-Amands
9040;Sint-Amandsberg;Sint-Amandsberg
8200;Sint-Andries;Sint-Andries
9550;Sint-Antelinks;Sint-Antelinks
8710;Sint-Baafs-Vijve;Sint-Baafs-Vijve
9630;Sint-Blasius-Boekel;Sint-Blasius-Boekel
8554;Sint-Denijs;Sint-Denijs
9630;Sint-Denijs-Boekel;Sint-Denijs-Boekel
9051;Sint-Denijs-Westrem;Sint-Denijs-Westrem
8793;Sint-Eloois-Vijve;Sint-Eloois-Vijve
8880;Sint-Eloois-Winkel;Sint-Eloois-Winkel
1640;SINT-GENESIUS-RODE;Sint-Genesius-Rode
1060;SINT-GILLIS;Sint-Gillis
9200;Sint-Gillis-Dendermonde;Sint-Gillis-Dendermonde
9170;SINT-GILLIS-WAAS;Sint-Gillis-Waas
9620;Sint-Goriks-Oudenhove;Sint-Goriks-Oudenhove
3730;Sint-Huibrechts-Hern;Sint-Huibrechts-Hern
3910;Sint-Huibrechts-Lille;Sint-Huibrechts-Lille
8600;Sint-Jacobs-Kapelle;Sint-Jacobs-Kapelle
8900;Sint-Jan;Sint-Jan
9982;Sint-Jan-In-Eremo;Sint-Jan-In-Eremo
1080;SINT-JANS-MOLENBEEK;Sint-Jans-Molenbeek
2960;Sint-Job-In-'T-Goor;Sint-Job-In-'T-Goor
1210;SINT-JOOST-TEN-NOODE;Sint-Joost-Ten-Noode
8620;Sint-Joris;Sint-Joris
8730;Sint-Joris;Sint-Joris
3051;Sint-Joris-Weert;Sint-Joris-Weert
3390;Sint-Joris-Winge;Sint-Joris-Winge
2860;SINT-KATELIJNE-WAVER;Sint-Katelijne-Waver
1742;Sint-Katherina-Lombeek;Sint-Katherina-Lombeek
9667;Sint-Kornelis-Horebeke;Sint-Kornelis-Horebeke
8310;Sint-Kruis;Sint-Kruis
9042;Sint-Kruis-Winkel;Sint-Kruis-Winkel
1750;Sint-Kwintens-Lennik;Sint-Kwintens-Lennik
3500;Sint-Lambrechts-Herk;Sint-Lambrechts-Herk
1200;SINT-LAMBRECHTS-WOLUWE;Sint-Lambrechts-Woluwe
9980;SINT-LAUREINS;Sint-Laureins
1600;Sint-Laureins-Berchem;Sint-Laureins-Berchem
2960;Sint-Lenaarts;Sint-Lenaarts
9550;Sint-Lievens-Esse;Sint-Lievens-Esse
9520;SINT-LIEVENS-HOUTEM;Sint-Lievens-Houtem
9981;Sint-Margriete;Sint-Margriete
3300;Sint-Margriete-Houtem;Sint-Margriete-Houtem
3470;Sint-Margriete-Houtem;Sint-Margriete-Houtem
9667;Sint-Maria-Horebeke;Sint-Maria-Horebeke
9630;Sint-Maria-Latem;Sint-Maria-Latem
9570;Sint-Maria-Lierde;Sint-Maria-Lierde
9620;Sint-Maria-Oudenhove;Sint-Maria-Oudenhove
9660;Sint-Maria-Oudenhove;Sint-Maria-Oudenhove
1700;Sint-Martens-Bodegem;Sint-Martens-Bodegem
9830;SINT-MARTENS-LATEM;Sint-Martens-Latem
9800;Sint-Martens-Leerne;Sint-Martens-Leerne
1750;Sint-Martens-Lennik;Sint-Martens-Lennik
9572;Sint-Martens-Lierde;Sint-Martens-Lierde
3790;Sint-Martens-Voeren;Sint-Martens-Voeren
8200;Sint-Michiels;Sint-Michiels
9100;SINT-NIKLAAS;Sint-Niklaas
9170;Sint-Pauwels;Sint-Pauwels
1541;Sint-Pieters-Kapelle;Sint-Pieters-Kapelle
8433;Sint-Pieters-Kapelle;Sint-Pieters-Kapelle
1600;SINT-PIETERS-LEEUW;Sint-Pieters-Leeuw
3220;Sint-Pieters-Rode;Sint-Pieters-Rode
3792;Sint-Pieters-Voeren;Sint-Pieters-Voeren
1150;SINT-PIETERS-WOLUWE;Sint-Pieters-Woluwe
8690;Sint-Rijkers;Sint-Rijkers
1932;Sint-Stevens-Woluwe;Sint-Stevens-Woluwe
3800;SINT-TRUIDEN;Sint-Truiden
1700;Sint-Ulriks-Kapelle;Sint-Ulriks-Kapelle
0612;Sinterklaas;Sinterklaas
4851;Sippenaeken;Sippenaeken
7332;Sirault;Sirault
6470;Sivry;Sivry
6470;SIVRY-RANCE;Sivry-Rance
9940;Sleidinge;Sleidinge
8433;Slijpe;Slijpe
4450;Slins;Slins
3700;Sluizen;Sluizen
9506;Smeerebbe-Vloerzegem;Smeerebbe-Vloerzegem
9340;Smetlede;Smetlede
6890;Smuid;Smuid
8470;Snaaskerke;Snaaskerke
8490;Snellegem;Snellegem
4557;Soheit-Tinlot;Soheit-Tinlot
6920;Sohier;Sohier
7060;SOIGNIES;Soignies
4861;Soiron;Soiron
6500;Solre-Saint-Géry;Solre-Saint-Géry
6560;Solre-Sur-Sambre;Solre-Sur-Sambre
5140;SOMBREFFE;Sombreffe
5377;SOMME-LEUZE;Somme-Leuze
6769;Sommethonne;Sommethonne
5523;Sommière;Sommière
5651;Somzée;Somzée
5340;Sorée;Sorée
5333;Sorinne-La-Longue;Sorinne-La-Longue
5503;Sorinnes;Sorinnes
5537;Sosoye;Sosoye
4920;Sougné-Remouchamps;Sougné-Remouchamps
5680;Soulme;Soulme
4630;SOUMAGNE;Soumagne
5630;Soumoy;Soumoy
4950;Sourbrodt;Sourbrodt
6182;Souvret;Souvret
5590;Sovet;Sovet
6997;Soy;Soy
5150;Soye;Soye
4900;SPA;Spa
3510;Spalbeek;Spalbeek
7032;Spiennes;Spiennes
8587;Spiere;Spiere
8587;SPIERE-HELKIJN;Spiere-Helkijn
5530;Spontin;Spontin
4140;SPRIMONT;Sprimont
5190;Spy;Spy
2940;STABROEK;Stabroek
8840;STADEN;Staden
8490;Stalhille;Stalhille
7973;Stambruges;Stambruges
5646;Stave;Stave
8691;Stavele;Stavele
4970;STAVELOT;Stavelot
9140;Steendorp;Steendorp
1840;Steenhuffel;Steenhuffel
9550;Steenhuize-Wijnhuize;Steenhuize-Wijnhuize
8630;Steenkerke;Steenkerke
7090;Steenkerque;Steenkerque
1820;STEENOKKERZEEL;Steenokkerzeel
9190;STEKENE;Stekene
4801;Stembert;Stembert
8400;Stene;Stene
1933;Sterrebeek;Sterrebeek
3512;Stevoort;Stevoort
3650;Stokkem;Stokkem
3511;Stokrooie;Stokrooie
4987;STOUMONT;Stoumont
6887;Straimont;Straimont
6511;Strée;Strée
4577;Strée-Lez-Huy;Strée-Lez-Huy
7110;Strépy-Bracquegnies;Strépy-Bracquegnies
9620;Strijpen;Strijpen
1760;Strijtem;Strijtem
1853;Strombeek-Bever;Strombeek-Bever
8600;Stuivekenskerke;Stuivekenskerke
5020;Suarlée;Suarlée
5550;Sugny;Sugny
5600;Surice;Surice
6812;Suxy;Suxy
6661;Tailles;Tailles
7618;Taintignies;Taintignies
5060;Tamines;Tamines
5651;Tarcienne;Tarcienne
4163;Tavier;Tavier
5310;Taviers;Taviers
6662;Tavigny;Tavigny
6927;TELLIN;Tellin
7520;Templeuve;Templeuve
5020;Temploux;Temploux
9140;TEMSE;Temse
6970;TENNEVILLE;Tenneville
1790;Teralfene;Teralfene
2840;Terhagen;Terhagen
6813;Termes;Termes
1740;TERNAT;Ternat
7333;Tertre;Tertre
3080;TERVUREN;Tervuren
4560;Terwagne;Terwagne
3980;TESSENDERLO;Tessenderlo
3272;Testelt;Testelt
3793;Teuven;Teuven
4910;THEUX;Theux
6717;Thiaumont;Thiaumont
7070;Thieu;Thieu
7901;Thieulain;Thieulain
7061;Thieusies;Thieusies
6230;Thiméon;Thiméon
4890;Thimister;Thimister
4890;THIMISTER-CLERMONT;Thimister-Clermont
7533;Thimougies;Thimougies
1402;Thines;Thines
6500;Thirimont;Thirimont
4280;Thisnes;Thisnes
4791;Thommen;Thommen
5300;Thon;Thon
1360;Thorembais-Les-Béguines;Thorembais-Les-Béguines
1360;Thorembais-Saint-Trond;Thorembais-Saint-Trond
7830;Thoricourt;Thoricourt
6536;Thuillies;Thuillies
6530;THUIN;Thuin
7350;Thulin;Thulin
7971;Thumaide;Thumaide
5621;Thy-Le-Baudouin;Thy-Le-Baudouin
5651;Thy-Le-Château;Thy-Le-Château
5502;Thynes;Thynes
4367;Thys;Thys
8573;Tiegem;Tiegem
2460;Tielen;Tielen
9140;Tielrode;Tielrode
3390;Tielt;Tielt
8700;TIELT;Tielt
3390;TIELT-WINGE;Tielt-Winge
3300;TIENEN;Tienen
4630;Tignée;Tignée
4500;Tihange;Tihange
3150;Tildonk;Tildonk
4130;Tilff;Tilff
6680;Tillet;Tillet
4420;Tilleur;Tilleur
5380;Tillier;Tillier
1495;Tilly;Tilly
4557;TINLOT;Tinlot
6637;Tintange;Tintange
6730;TINTIGNY;Tintigny
2830;Tisselt;Tisselt
6700;Toernich;Toernich
6941;Tohogne;Tohogne
1570;Tollembeek;Tollembeek
3700;TONGEREN;Tongeren
2260;Tongerlo;Tongerlo
3960;Tongerlo;Tongerlo
7951;Tongre-Notre-Dame;Tongre-Notre-Dame
7950;Tongre-Saint-Martin;Tongre-Saint-Martin
5140;Tongrinne;Tongrinne
6717;Tontelange;Tontelange
6767;Torgny;Torgny
8820;TORHOUT;Torhout
4263;Tourinne;Tourinne
1320;Tourinnes-La-Grosse;Tourinnes-La-Grosse
1457;Tourinnes-Saint-Lambert;Tourinnes-Saint-Lambert
7500;TOURNAI;Tournai
6840;Tournay;Tournay
7904;Tourpes;Tourpes
6890;Transinne;Transinne
6183;Trazegnies;Trazegnies
5670;Treignes;Treignes
4670;Trembleur;Trembleur
3120;TREMELO;Tremelo
7100;Trivières;Trivières
4280;Trognée;Trognée
4980;TROIS-PONTS;Trois-Ponts
4870;TROOZ;Trooz
1480;TUBIZE;Tubize
2300;TURNHOUT;Turnhout
6833;Ucimont;Ucimont
3631;Uikhoven;Uikhoven
9290;Uitbergen;Uitbergen
8370;Uitkerke;Uitkerke
1180;UKKEL;Ukkel
3832;Ulbeek;Ulbeek
5310;Upigny;Upigny
9910;Ursel;Ursel
3054;Vaalbeek;Vaalbeek
3770;Val-Meer;Val-Meer
6741;Vance;Vance
2431;Varendonk;Varendonk
8490;Varsenare;Varsenare
5680;Vaucelles;Vaucelles
7536;Vaulx;Vaulx
6462;Vaulx-Lez-Chimay;Vaulx-Lez-Chimay
6960;Vaux-Chavanne;Vaux-Chavanne
4530;Vaux-Et-Borset;Vaux-Et-Borset
6640;Vaux-Lez-Rosières;Vaux-Lez-Rosières
4051;Vaux-Sous-Chèvremont;Vaux-Sous-Chèvremont
6640;VAUX-SUR-SÛRE;Vaux-Sur-Sûre
3870;Vechmaal;Vechmaal
5020;Vedrin;Vedrin
2431;Veerle;Veerle
5060;Velaine-Sur-Sambre;Velaine-Sur-Sambre
7760;Velaines;Velaines
8210;Veldegem;Veldegem
3620;Veldwezelt;Veldwezelt
7120;Vellereille-Le-Sec;Vellereille-Le-Sec
7120;Vellereille-Les-Brayeux;Vellereille-Les-Brayeux
3806;Velm;Velm
4460;Velroux;Velroux
3020;Veltem-Beisem;Veltem-Beisem
9620;Velzeke-Ruddershove;Velzeke-Ruddershove
5575;Vencimont;Vencimont
1005;Verenigde Vergadering van de Gemeenschappelijke ;Verenigde Vergadering Van De Gemeenschappelijke 
6440;Vergnies;Vergnies
4537;VERLAINE;Verlaine
5370;Verlée;Verlée
9130;Verrebroek;Verrebroek
3370;Vertrijk;Vertrijk
4800;VERVIERS;Verviers
6870;Vesqueville;Vesqueville
3870;Veulen;Veulen
8630;VEURNE;Veurne
5300;Vezin;Vezin
7538;Vezon;Vezon
9500;Viane;Viane
8570;Vichte;Vichte
6690;VIELSALM;Vielsalm
4317;Viemme;Viemme
2240;Viersel;Viersel
4577;Vierset-Barse;Vierset-Barse
5670;Vierves-Sur-Viroin;Vierves-Sur-Viroin
6230;Viesville;Viesville
1472;Vieux-Genappe;Vieux-Genappe
4530;Vieux-Waleffe;Vieux-Waleffe
4190;Vieuxville;Vieuxville
6890;Villance;Villance
4260;Ville-En-Hesbaye;Ville-En-Hesbaye
7322;Ville-Pommeroeul;Ville-Pommeroeul
7070;Ville-Sur-Haine;Ville-Sur-Haine
7334;Villerot;Villerot
4161;Villers-Aux-Tours;Villers-Aux-Tours
5630;Villers-Deux-Eglises;Villers-Deux-Eglises
6823;Villers-Devant-Orval;Villers-Devant-Orval
5600;Villers-En-Fagne;Villers-En-Fagne
4340;Villers-L'Evêque;Villers-L'Evêque
6600;Villers-La-Bonne-Eau;Villers-La-Bonne-Eau
6769;Villers-La-Loue;Villers-La-Loue
6460;Villers-La-Tour;Villers-La-Tour
1495;VILLERS-LA-VILLE;Villers-La-Ville
4530;VILLERS-LE-BOUILLET;Villers-Le-Bouillet
5600;Villers-Le-Gambon;Villers-Le-Gambon
4280;Villers-Le-Peuplier;Villers-Le-Peuplier
4550;Villers-Le-Temple;Villers-Le-Temple
5080;Villers-Lez-Heest;Villers-Lez-Heest
7812;Villers-Notre-Dame;Villers-Notre-Dame
6210;Villers-Perwin;Villers-Perwin
6280;Villers-Poterie;Villers-Poterie
7812;Villers-Saint-Amand;Villers-Saint-Amand
7031;Villers-Saint-Ghislain;Villers-Saint-Ghislain
4453;Villers-Saint-Siméon;Villers-Saint-Siméon
6941;Villers-Sainte-Gertrude;Villers-Sainte-Gertrude
5580;Villers-Sur-Lesse;Villers-Sur-Lesse
6740;Villers-Sur-Semois;Villers-Sur-Semois
1800;VILVOORDE;Vilvoorde
4520;Vinalmont;Vinalmont
9921;Vinderhoute;Vinderhoute
8630;Vinkem;Vinkem
9800;Vinkt;Vinkt
6461;Virelles;Virelles
1460;Virginal-Samme;Virginal-Samme
5670;VIROINVAL;Viroinval
6760;VIRTON;Virton
4600;VISÉ;Visé
3300;Vissenaken;Vissenaken
7511;Vitrine Magique;Vitrine Magique
5070;Vitrival;Vitrival
4683;Vivegnis;Vivegnis
6833;Vivy;Vivy
1011;Vlaams Parlement;Vlaams Parlement
8600;Vladslo;Vladslo
8908;Vlamertinge;Vlamertinge
9420;Vlekkem;Vlekkem
8640;VLETEREN;Vleteren
1602;Vlezenbeek;Vlezenbeek
3724;Vliermaal;Vliermaal
3721;Vliermaalroot;Vliermaalroot
9520;Vlierzele;Vlierzele
3770;Vlijtingen;Vlijtingen
2340;Vlimmeren;Vlimmeren
8421;Vlissegem;Vlissegem
7880;VLOESBERG;Vloesberg
5600;Vodecée;Vodecée
5680;Vodelée;Vodelée
3790;VOEREN;Voeren
5650;Vogenée;Vogenée
9700;Volkegem;Volkegem
1570;Vollezele;Vollezele
5570;Vonêche;Vonêche
9400;Voorde;Voorde
8902;Voormezele;Voormezele
3840;Voort;Voort
4347;Voroux-Goreux;Voroux-Goreux
4451;Voroux-Lez-Liers;Voroux-Lez-Liers
2290;VORSELAAR;Vorselaar
3890;Vorsen;Vorsen
1190;VORST;Vorst
2430;Vorst;Vorst
2350;VOSSELAAR;Vosselaar
9850;Vosselare;Vosselare
3080;Vossem;Vossem
4041;Vottem;Vottem
9120;Vrasene;Vrasene
2531;Vremde;Vremde
3700;Vreren;Vreren
5550;VRESSE-SUR-SEMOIS;Vresse-Sur-Semois
3770;Vroenhoven;Vroenhoven
1043;VRT;Vrt
1818;VTM;Vtm
3630;Vucht;Vucht
9890;Vurste;Vurste
4570;Vyle-Et-Tharoul;Vyle-Et-Tharoul
3473;Waanrode;Waanrode
9506;Waarbeke;Waarbeke
8020;Waardamme;Waardamme
2550;Waarloos;Waarloos
8581;Waarmaarde;Waarmaarde
9950;Waarschoot;Waarschoot
3401;Waasmont;Waasmont
9250;WAASMUNSTER;Waasmunster
7784;Waasten;Waasten
9185;WACHTEBEKE;Wachtebeke
7971;Wadelincourt;Wadelincourt
6223;Wagnelée;Wagnelée
6900;Waha;Waha
5377;Waillet;Waillet
8720;Wakken;Wakken
5650;WALCOURT;Walcourt
2800;Walem;Walem
1457;WALHAIN;Walhain
1457;Walhain-Saint-Paul;Walhain-Saint-Paul
4711;Walhorn;Walhorn
3401;Walsbets;Walsbets
3401;Walshoutem;Walshoutem
3740;Waltwilder;Waltwilder
1741;Wambeek;Wambeek
5570;Wancennes;Wancennes
4020;Wandre;Wandre
6224;Wanfercée-Baulet;Wanfercée-Baulet
3400;Wange;Wange
6220;Wangenies;Wangenies
5564;Wanlin;Wanlin
4980;Wanne;Wanne
7861;Wannebecq;Wannebecq
9772;Wannegem-Lede;Wannegem-Lede
4280;Wansin;Wansin
4520;WANZE;Wanze
9340;Wanzele;Wanzele
7548;Warchin;Warchin
7740;Warcoing;Warcoing
6600;Wardin;Wardin
8790;WAREGEM;Waregem
4300;WAREMME;Waremme
4217;Waret-L'Evêque;Waret-L'Evêque
5310;Waret-La-Chaussée;Waret-La-Chaussée
5080;Warisoulx;Warisoulx
5537;Warnant;Warnant
4530;Warnant-Dreye;Warnant-Dreye
7340;Warquignies;Warquignies
4608;Warsage;Warsage
4590;Warzée;Warzée
7340;Wasmes;Wasmes
7604;Wasmes-Audemez-Briffoeil;Wasmes-Audemez-Briffoeil
7390;Wasmuel;Wasmuel
4219;WASSEIGES;Wasseiges
9988;Waterland-Oudeman;Waterland-Oudeman
1410;WATERLOO;Waterloo
1170;WATERMAAL-BOSVOORDE;Watermaal-Bosvoorde
9988;Watervliet;Watervliet
8978;Watou;Watou
7910;Wattripont;Wattripont
7131;Waudrez;Waudrez
5540;Waulsort;Waulsort
1440;Wauthier-Braine;Wauthier-Braine
1300;WAVRE;Wavre
5580;Wavreille;Wavreille
6210;Wayaux;Wayaux
1474;Ways;Ways
3290;Webbekom;Webbekom
2275;Wechelderzande;Wechelderzande
2381;Weelde;Weelde
1982;Weerde;Weerde
2880;Weert;Weert
4860;Wegnez;Wegnez
5523;Weillen;Weillen
4950;WEISMES;Weismes
9700;Welden;Welden
4840;WELKENRAEDT;Welkenraedt
9473;Welle;Welle
3830;WELLEN;Wellen
6920;WELLIN;Wellin
1780;WEMMEL;Wemmel
8420;Wenduine;Wenduine
5100;Wépion;Wépion
4190;Werbomont;Werbomont
3118;Werchter;Werchter
6940;Wéris;Wéris
8610;Werken;Werken
3730;Werm;Werm
8940;WERVIK;Wervik
3150;Wespelaar;Wespelaar
8434;Westende;Westende
2260;WESTERLO;Westerlo
8300;Westkapelle;Westkapelle
8460;Westkerke;Westkerke
2390;Westmalle;Westmalle
2235;Westmeerbeek;Westmeerbeek
8954;Westouter;Westouter
9230;Westrem;Westrem
8840;Westrozebeke;Westrozebeke
8640;Westvleteren;Westvleteren
9230;WETTEREN;Wetteren
8560;WEVELGEM;Wevelgem
7620;Wez-Velvain;Wez-Velvain
3111;Wezemaal;Wezemaal
1970;WEZEMBEEK-OPPEM;Wezembeek-Oppem
3401;Wezeren;Wezeren
6666;Wibrin;Wibrin
9260;WICHELEN;Wichelen
3700;Widooie;Widooie
2222;Wiekevorst;Wiekevorst
8710;WIELSBEKE;Wielsbeke
5100;Wierde;Wierde
7608;Wiers;Wiers
5571;Wiesme;Wiesme
9280;Wieze;Wieze
7370;Wihéries;Wihéries
4452;Wihogne;Wihogne
3990;Wijchmaal;Wijchmaal
3850;Wijer;Wijer
3018;Wijgmaal;Wijgmaal
2110;WIJNEGEM;Wijnegem
3670;Wijshagen;Wijshagen
8953;Wijtschate;Wijtschate
3803;Wilderen;Wilderen
7904;Willaupuis;Willaupuis
3370;Willebringen;Willebringen
2830;WILLEBROEK;Willebroek
7506;Willemeau;Willemeau
5575;Willerzie;Willerzie
2610;Wilrijk;Wilrijk
3012;Wilsele;Wilsele
8431;Wilskerke;Wilskerke
3501;Wimmertingen;Wimmertingen
5570;Winenne;Winenne
8750;WINGENE;Wingene
3020;Winksele;Winksele
3722;Wintershoven;Wintershoven
6860;Witry;Witry
7890;Wodecq;Wodecq
8640;Woesten;Woesten
6780;Wolkrange;Wolkrange
1861;Wolvertem;Wolvertem
2160;WOMMELGEM;Wommelgem
3350;Wommersom;Wommersom
4690;Wonck;Wonck
9032;Wondelgem;Wondelgem
9800;Wontergem;Wontergem
9790;Wortegem;Wortegem
9790;WORTEGEM-PETEGEM;Wortegem-Petegem
2323;Wortel;Wortel
9550;Woubrechtegem;Woubrechtegem
8600;Woumen;Woumen
8670;Wulpen;Wulpen
8952;Wulvergem;Wulvergem
8630;Wulveringem;Wulveringem
2990;WUUSTWEZEL;Wuustwezel
4652;Xhendelesse;Xhendelesse
4432;Xhendremael;Xhendremael
4190;Xhoris;Xhoris
4550;Yernée-Fraineux;Yernée-Fraineux
7512;Yves Rocher;Yves Rocher
7513;Yves Rocher;Yves Rocher
5650;Yves-Gomezée;Yves-Gomezée
5530;YVOIR;Yvoir
9080;Zaffelare;Zaffelare
9506;Zandbergen;Zandbergen
8680;Zande;Zande
2240;ZANDHOVEN;Zandhoven
2040;Zandvliet;Zandvliet
8400;Zandvoorde;Zandvoorde
8980;Zandvoorde;Zandvoorde
9500;Zarlardinge;Zarlardinge
8610;Zarren;Zarren
1930;ZAVENTEM;Zaventem
8210;ZEDELGEM;Zedelgem
8380;Zeebrugge;Zeebrugge
9660;Zegelsem;Zegelsem
9240;ZELE;Zele
3545;Zelem;Zelem
1731;Zellik;Zellik
9060;ZELZATE;Zelzate
1980;ZEMST;Zemst
3800;Zepperen;Zepperen
8490;Zerkegem;Zerkegem
1370;Zétrud-Lumay;Zétrud-Lumay
8470;Zevekote;Zevekote
9080;Zeveneken;Zeveneken
9800;Zeveren;Zeveren
9840;Zevergem;Zevergem
3271;Zichem;Zichem
3770;Zichen-Zussen-Bolder;Zichen-Zussen-Bolder
8902;Zillebeke;Zillebeke
9750;Zingem;Zingem
2260;Zoerle-Parwijs;Zoerle-Parwijs
2980;ZOERSEL;Zoersel
3550;Zolder;Zolder
9930;Zomergem;Zomergem
3520;ZONHOVEN;Zonhoven
8980;ZONNEBEKE;Zonnebeke
9520;Zonnegem;Zonnegem
9620;ZOTTEGEM;Zottegem
8630;Zoutenaaie;Zoutenaaie
3440;ZOUTLEEUW;Zoutleeuw
8904;Zuidschote;Zuidschote
8377;ZUIENKERKE;Zuienkerke
9870;ZULTE;Zulte
9690;Zulzeke;Zulzeke
3690;ZUTENDAAL;Zutendaal
9630;ZWALM;Zwalm
8550;ZWEVEGEM;Zwevegem
8750;Zwevezele;Zwevezele
9052;Zwijnaarde;Zwijnaarde
2070;ZWIJNDRECHT;Zwijndrecht
